--
-- PostgreSQL database dump
--

\restrict qggbDjWcfU0ImJwWIiX4q2Sr3c1j2LsT5M2EeAgAnMpIh68x6azQjoS3qZxuAHi

-- Dumped from database version 18.1
-- Dumped by pg_dump version 18.1

-- Started on 2026-07-13 11:08:07

SET statement_timeout = 0;
SET lock_timeout = 0;
SET idle_in_transaction_session_timeout = 0;
SET transaction_timeout = 0;
SET client_encoding = 'UTF8';
SET standard_conforming_strings = on;
SELECT pg_catalog.set_config('search_path', '', false);
SET check_function_bodies = false;
SET xmloption = content;
SET client_min_messages = warning;
SET row_security = off;

SET default_tablespace = '';

SET default_table_access_method = heap;

--
-- TOC entry 221 (class 1259 OID 16447)
-- Name: bus_stop_links; Type: TABLE; Schema: public; Owner: postgres
--

CREATE TABLE public.bus_stop_links (
    id bigint CONSTRAINT bus_stop_link_id_not_null NOT NULL,
    bus_id bigint CONSTRAINT bus_stop_link_bus_id_not_null NOT NULL,
    stop_id bigint CONSTRAINT bus_stop_link_stop_id_not_null NOT NULL,
    rank integer CONSTRAINT bus_stop_link_rank_not_null NOT NULL
);


ALTER TABLE public.bus_stop_links OWNER TO postgres;

--
-- TOC entry 220 (class 1259 OID 16438)
-- Name: bus_stops; Type: TABLE; Schema: public; Owner: postgres
--

CREATE TABLE public.bus_stops (
    id bigint CONSTRAINT stops_id_not_null NOT NULL,
    name character varying(255) CONSTRAINT stops_name_not_null NOT NULL,
    lat double precision CONSTRAINT stops_lat_not_null NOT NULL,
    lon double precision CONSTRAINT stops_lon_not_null NOT NULL,
    zone text
);


ALTER TABLE public.bus_stops OWNER TO postgres;

--
-- TOC entry 219 (class 1259 OID 16431)
-- Name: buses; Type: TABLE; Schema: public; Owner: postgres
--

CREATE TABLE public.buses (
    id bigint NOT NULL,
    name character varying(255) NOT NULL
);


ALTER TABLE public.buses OWNER TO postgres;

--
-- TOC entry 4903 (class 0 OID 16447)
-- Dependencies: 221
-- Data for Name: bus_stop_links; Type: TABLE DATA; Schema: public; Owner: postgres
--

COPY public.bus_stop_links (id, bus_id, stop_id, rank) FROM stdin;
1	2	3	2
2	2	404	1
3	2	4	3
4	2	5	4
5	2	6	5
6	2	7	6
7	2	9	7
8	2	10	8
11	2	13	10
12	2	14	11
13	2	39	12
14	2	40	13
15	2	41	14
16	2	42	15
17	2	43	16
18	2	44	17
19	2	45	18
20	2	46	19
21	2	50	20
23	2	52	21
24	2	53	22
25	2	54	23
26	2	55	24
27	2	56	25
28	2	57	26
29	2	58	27
30	2	59	28
31	2	60	29
33	2	62	31
34	2	126	33
35	2	127	34
37	2	61	30
38	11	266	1
39	11	264	2
40	11	265	3
42	11	262	5
43	11	260	6
44	11	261	7
45	11	258	8
46	11	259	9
47	11	47	10
48	11	49	11
49	11	267	12
50	11	268	13
51	11	269	14
52	11	270	15
53	11	273	16
54	11	274	17
55	11	275	18
56	11	276	19
57	11	279	22
59	11	282	24
60	18	47	1
61	18	49	2
62	18	267	4
63	18	268	3
64	18	269	5
65	18	270	6
66	18	273	7
67	18	274	8
68	18	275	9
69	18	276	10
70	18	279	13
72	18	282	15
73	1	2	1
74	1	3	2
75	1	6	5
76	1	7	6
77	1	9	7
78	1	10	8
79	1	11	9
80	1	12	10
81	1	16	11
82	1	15	12
83	1	17	13
84	1	18	14
85	1	19	15
86	1	20	16
87	1	21	17
88	1	22	18
89	1	23	19
90	1	24	20
91	1	25	21
92	1	26	22
93	1	27	23
94	1	28	24
95	1	29	25
96	1	30	26
99	1	33	27
100	1	34	28
101	1	35	29
102	1	36	30
145	3	81	1
146	3	79	2
147	3	80	3
148	3	77	4
149	3	78	5
150	3	76	6
151	3	74	7
152	3	75	8
153	3	72	9
154	3	73	10
155	3	71	11
157	3	83	13
158	3	68	14
159	3	67	15
160	3	846	16
161	3	64	17
162	3	406	18
163	3	407	19
164	3	37	20
166	3	126	21
167	3	127	22
169	3	129	23
170	3	130	24
172	3	132	25
173	3	133	26
174	3	135	27
175	3	134	28
176	3	136	29
177	3	137	30
178	3	138	31
179	3	139	32
180	3	141	33
181	3	205	35
182	3	206	34
183	3	408	36
184	1	4	3
185	1	5	4
186	2	409	32
187	7	81	1
188	7	79	2
189	7	80	3
190	7	77	4
191	7	78	5
192	7	76	6
193	7	74	7
194	7	75	8
195	7	72	9
196	7	73	10
197	7	71	11
199	7	83	14
200	7	84	15
201	7	178	16
202	7	179	17
204	7	181	18
205	7	182	19
206	7	184	20
207	7	185	21
208	7	186	22
209	7	187	23
210	7	188	24
211	7	189	25
212	7	190	26
213	7	191	27
214	7	194	28
215	7	195	29
216	7	196	30
217	7	197	31
219	11	277	21
220	11	278	20
221	11	280	23
222	11	283	25
223	11	284	26
224	11	286	27
225	11	287	28
227	11	290	29
228	11	292	30
229	11	69	31
230	11	83	32
231	11	84	33
233	11	86	35
234	11	87	36
235	11	88	37
236	11	89	38
237	11	90	39
238	11	91	40
239	11	93	41
240	11	92	42
241	11	96	43
242	11	97	44
252	11	102	45
253	11	103	46
256	11	112	51
257	11	113	52
258	11	114	56
259	11	115	57
260	11	116	58
261	11	117	59
262	11	414	55
263	11	415	54
264	11	417	53
265	18	277	11
266	18	278	12
267	18	280	14
268	18	283	16
269	18	284	17
270	18	286	18
271	18	287	19
273	18	290	20
274	18	292	21
275	18	69	22
276	18	83	23
277	18	84	24
279	18	86	27
280	18	87	26
281	18	88	28
282	18	89	29
283	18	92	30
284	18	93	31
285	18	96	32
286	18	97	33
287	18	101	34
288	18	100	35
289	18	218	38
290	18	219	39
291	18	220	40
292	18	221	41
293	18	222	42
294	18	224	43
295	18	225	44
296	18	410	45
297	18	411	46
298	18	412	47
299	18	413	48
300	15	82	1
301	15	105	3
302	15	106	2
303	15	107	4
304	15	109	5
305	15	108	6
306	15	98	7
307	15	102	8
311	15	112	11
312	15	113	12
313	15	417	13
314	15	415	14
315	15	418	15
317	15	421	17
318	15	423	18
319	15	424	20
320	15	426	19
321	15	425	21
322	15	310	22
323	15	311	23
324	15	313	24
325	15	314	25
326	15	315	26
327	15	316	27
328	15	317	29
329	15	318	30
330	15	321	31
332	15	356	33
333	15	357	34
334	15	358	35
335	15	359	36
336	15	362	37
337	15	363	38
338	15	364	39
339	15	365	40
340	15	366	41
341	15	367	42
342	15	368	43
343	15	369	44
344	15	427	45
345	15	428	46
346	15	429	47
347	15	430	48
348	15	431	49
349	15	433	50
350	15	432	51
351	15	434	52
352	15	435	53
353	15	436	54
354	15	437	55
355	15	438	56
356	15	439	57
357	15	440	58
358	15	441	59
359	15	442	60
360	15	443	61
361	15	445	63
362	15	446	64
363	15	447	65
364	15	448	66
365	15	449	67
366	15	450	62
367	16	82	1
368	16	106	3
369	16	105	2
373	16	98	8
374	16	100	9
375	16	332	10
377	16	334	12
381	16	339	16
382	16	340	17
388	16	353	23
400	16	107	4
401	16	109	5
402	16	108	6
406	16	333	11
408	16	335	13
409	16	337	14
410	16	338	15
413	16	341	19
414	16	342	18
415	16	351	20
417	16	355	22
426	16	325	33
427	16	319	36
428	16	356	37
429	16	358	38
430	16	359	39
431	16	362	40
432	16	363	41
433	16	364	42
434	16	365	43
435	16	366	44
436	16	367	45
437	16	368	46
438	16	369	47
439	16	427	48
440	16	428	49
441	16	429	50
442	16	430	51
443	16	431	52
444	16	432	53
445	16	433	54
446	16	434	55
447	16	435	56
448	16	436	57
449	16	437	58
450	16	438	59
451	16	439	60
452	16	440	61
453	16	441	62
454	16	442	63
455	16	443	64
456	16	450	65
457	16	445	66
458	16	446	67
459	16	447	68
460	16	448	69
461	16	449	70
463	16	451	34
464	6	162	1
465	6	163	2
466	6	164	3
467	6	166	4
468	6	167	5
469	6	168	6
470	6	169	7
471	6	170	8
472	6	172	9
473	6	173	10
474	6	174	11
475	6	175	12
490	6	149	27
491	6	148	28
492	6	143	29
493	6	142	30
494	6	141	31
495	6	139	32
496	6	140	33
497	6	137	34
498	6	138	35
499	6	136	36
500	6	134	37
501	6	135	38
502	6	133	39
503	6	132	40
505	6	129	41
506	6	130	42
507	6	453	43
508	6	460	45
509	6	457	46
510	6	456	47
511	6	393	49
514	6	461	44
537	4	149	28
538	4	148	29
539	4	143	30
540	4	142	31
541	4	141	32
542	4	139	33
543	4	140	34
544	4	137	35
545	4	138	36
546	4	136	37
547	4	134	38
548	4	135	39
549	4	133	40
550	4	132	41
552	4	129	42
553	4	130	43
554	4	453	44
555	4	461	45
556	4	460	46
557	4	456	47
558	4	457	48
559	4	458	49
560	4	393	50
563	6	458	48
566	19	29	5
570	19	33	8
571	19	34	9
572	19	35	10
573	19	36	11
576	19	399	14
577	19	198	18
579	19	311	19
580	19	310	20
581	19	313	21
582	19	314	22
583	19	315	23
584	19	316	24
585	19	317	26
586	19	318	27
587	19	319	28
588	19	320	29
589	19	323	31
590	19	324	32
597	19	354	46
598	19	475	16
600	19	30	6
601	19	477	15
602	19	393	12
603	24	29	5
604	24	30	6
607	24	33	8
608	24	34	9
609	24	35	10
610	24	36	11
611	24	393	12
614	24	399	14
615	24	477	15
616	24	475	16
617	24	198	18
619	24	310	19
620	24	311	20
621	24	313	21
622	24	314	22
623	24	315	23
624	24	316	24
625	24	317	26
626	24	318	27
627	24	319	28
628	24	320	29
629	24	323	31
630	24	324	32
631	24	478	34
632	24	479	35
633	24	480	36
634	24	481	37
635	24	482	38
636	24	483	39
726	22	21	1
727	22	22	2
728	22	23	3
729	22	24	4
730	22	25	5
731	22	26	6
732	22	27	7
733	22	28	8
734	22	29	9
735	22	30	10
738	22	33	12
739	22	34	13
740	22	35	14
741	22	36	15
744	22	399	20
746	22	190	24
747	22	194	28
749	22	420	32
750	22	421	33
751	22	419	35
752	22	424	31
753	22	457	18
754	22	460	17
755	22	454	16
756	22	476	25
757	22	496	27
758	22	193	26
877	30	82	1
878	30	105	2
879	30	107	3
880	30	108	4
884	30	186	10
885	30	185	11
886	30	180	12
887	30	84	13
888	30	67	14
889	30	846	15
890	30	407	16
891	30	37	17
892	30	126	18
894	30	129	19
896	30	133	20
897	30	134	21
898	30	137	22
899	30	138	23
900	30	207	24
901	30	204	25
902	30	208	26
903	30	495	27
904	30	389	28
905	30	202	29
906	30	197	30
907	30	195	31
908	30	191	32
909	30	189	33
910	30	187	34
911	30	497	35
915	30	98	40
916	30	109	41
917	30	106	42
918	30	82	43
937	29	82	1
938	29	82	40
939	29	105	2
940	29	106	39
941	29	107	3
942	29	108	4
943	29	109	38
944	29	98	37
951	29	497	32
953	29	188	10
954	29	190	11
955	29	194	12
956	29	196	13
958	29	388	15
959	29	494	16
960	29	209	17
961	29	205	18
962	29	206	19
963	29	136	20
964	29	135	21
965	29	132	22
966	29	130	23
967	29	127	24
969	29	406	25
970	29	64	26
971	29	66	27
972	29	184	31
1008	29	503	28
1009	29	504	29
1010	29	505	30
1014	31	288	13
1015	31	290	14
1016	31	292	15
1017	31	69	16
1018	31	83	17
1019	31	68	18
1020	31	67	19
1021	31	64	20
1022	31	846	21
1023	31	391	23
1024	31	397	26
1025	31	401	25
1027	31	65	22
1028	18	217	37
1029	32	408	1
1030	32	205	2
1031	32	206	3
1032	32	139	5
1033	32	141	4
1034	32	138	6
1036	32	136	7
1037	32	134	8
1038	32	135	9
1039	32	133	10
1040	32	132	11
1042	32	129	12
1043	32	130	13
1045	32	127	14
1046	32	126	15
1047	32	37	16
1048	32	38	17
1049	32	271	26
1050	32	272	27
1051	32	273	28
1052	32	274	29
1053	32	275	30
1054	32	276	31
1055	32	277	32
1056	32	278	33
1057	32	279	34
1058	32	280	35
1060	32	282	36
1061	32	283	37
1062	32	284	38
1063	32	286	39
1064	32	287	40
1067	32	293	41
1068	32	294	42
1069	32	295	43
1070	32	296	44
1071	32	297	45
1072	32	298	46
1073	32	299	47
1074	32	300	48
1075	32	301	49
1076	32	302	50
1077	32	303	51
1078	32	305	52
1080	32	306	54
1081	32	307	55
1082	32	308	56
1084	32	508	20
1085	32	510	21
1086	32	511	22
1087	32	514	23
1088	32	512	24
1089	32	513	25
1090	32	515	19
1091	32	516	18
1092	32	304	53
1095	34	518	1
1096	34	519	2
1097	34	520	3
1100	34	523	6
1101	34	524	7
1102	34	526	8
1103	34	527	9
1104	34	347	10
1105	34	348	11
1106	34	345	12
1107	34	343	15
1109	34	341	16
1110	34	342	17
1111	34	339	18
1112	34	340	19
1113	34	337	20
1114	34	338	21
1115	34	335	22
1116	34	334	23
1117	34	332	24
1118	34	333	25
1119	34	100	26
1120	34	101	27
1125	34	497	33
1127	34	86	35
1129	34	84	38
1130	34	83	39
1131	34	69	40
1132	34	292	41
1133	34	290	42
1136	34	293	43
1137	34	294	44
1138	34	295	45
1139	34	296	46
1140	34	297	47
1141	34	298	48
1142	34	299	49
1143	34	300	50
1144	34	301	51
1145	34	302	52
1146	34	303	53
1147	34	304	54
1148	34	305	55
1149	34	306	56
1150	34	307	57
1151	34	308	58
1152	34	309	59
1153	34	540	60
1154	34	538	62
1155	34	539	63
1156	34	536	64
1157	34	537	65
1158	34	534	66
1159	34	535	67
1160	34	533	68
1161	34	531	69
1162	34	532	70
1163	34	529	71
1164	34	530	72
1166	34	541	34
1169	35	545	60
1170	35	548	59
1171	35	547	4
1172	35	549	58
1173	35	550	5
1175	35	222	7
1176	35	221	55
1177	35	551	8
1179	35	553	53
1181	35	335	10
1182	35	334	52
1183	35	332	11
1184	35	333	51
1185	35	100	50
1186	35	101	12
1187	35	97	49
1188	35	96	13
1189	35	92	14
1190	35	93	48
1191	35	91	47
1192	35	90	15
1193	35	88	46
1194	35	89	16
1195	35	86	17
1196	35	87	45
1198	35	84	18
1199	35	67	19
1200	35	846	20
1201	35	407	21
1202	35	37	22
1203	35	126	23
1205	35	129	24
1207	35	133	25
1208	35	134	26
1209	35	137	27
1210	35	138	28
1211	35	207	29
1212	35	204	30
1213	35	208	31
1214	35	495	32
1215	35	389	33
1216	35	197	35
1217	35	195	36
1218	35	191	37
1219	35	189	38
1220	35	187	39
1221	35	186	40
1222	35	185	41
1223	35	182	42
1225	35	179	43
1226	36	555	1
1227	36	556	3
1228	36	557	63
1229	36	558	62
1230	36	559	61
1231	36	560	4
1232	36	561	5
1233	36	562	60
1234	36	563	59
1235	36	564	6
1236	36	565	7
1237	36	566	8
1238	36	550	9
1240	36	222	12
1241	36	221	53
1242	35	552	9
1243	35	543	61
1245	35	545	3
1247	35	551	54
1248	35	546	2
1249	35	543	1
1250	36	555	65
1251	36	565	58
1252	36	566	57
1253	36	550	56
1255	36	219	13
1256	36	217	14
1257	36	101	15
1262	36	186	20
1263	36	185	21
1264	36	180	22
1265	36	179	23
1266	36	84	24
1267	36	67	25
1268	36	846	26
1269	36	407	27
1270	36	37	28
1271	36	126	29
1273	36	129	30
1275	36	133	31
1276	36	134	32
1277	36	137	33
1278	36	138	34
1279	36	207	35
1280	36	204	36
1281	36	208	37
1282	36	495	38
1283	36	389	39
1284	36	202	40
1285	36	197	41
1286	36	195	42
1287	36	191	43
1288	36	189	44
1289	36	497	45
1293	36	100	49
1294	36	218	51
1295	36	220	52
1296	37	543	1
1297	37	546	2
1298	37	545	3
1299	37	547	4
1300	37	550	5
1301	37	222	7
1303	37	551	9
1304	37	552	10
1305	37	335	11
1306	37	332	12
1307	37	101	13
1308	37	96	14
1309	37	95	15
1310	37	502	16
1311	37	188	17
1312	37	190	18
1313	37	194	19
1316	37	203	21
1317	37	388	22
1318	37	494	23
1319	37	209	24
1320	37	205	25
1321	37	206	26
1322	37	136	27
1323	37	135	28
1324	37	132	29
1325	37	130	30
1326	37	127	31
1327	37	406	32
1328	37	64	33
1329	37	66	34
1330	37	505	37
1331	37	503	35
1332	37	179	38
1334	37	87	40
1335	37	88	41
1336	37	91	42
1337	37	93	43
1338	37	97	44
1339	37	100	45
1340	37	333	46
1341	37	334	47
1343	37	553	48
1344	37	551	49
1345	37	221	50
1346	37	223	51
1347	37	549	54
1348	37	548	55
1349	37	545	56
1350	37	543	57
1353	37	196	20
1412	16	101	7
1414	39	509	1
1415	39	510	4
1416	39	511	5
1417	39	514	6
1418	39	512	7
1419	39	513	8
1420	39	272	9
1421	39	271	10
1422	39	273	11
1423	39	274	12
1424	39	275	13
1425	39	276	14
1426	39	277	15
1427	39	278	16
1428	39	279	17
1429	39	280	18
1431	39	282	19
1432	39	283	20
1433	39	284	21
1435	39	515	3
1436	39	516	2
1440	40	412	1
1441	40	411	2
1442	40	225	3
1443	40	222	4
1444	40	219	5
1445	40	217	6
1446	40	101	7
1449	40	502	11
1450	40	185	12
1451	40	182	13
1452	40	179	14
1453	40	84	15
1454	40	67	16
1455	40	846	17
1456	40	407	18
1457	40	37	19
1458	40	126	20
1460	40	129	21
1462	40	133	22
1463	40	134	23
1464	40	137	24
1465	40	207	25
1466	40	204	26
1467	40	208	27
1468	40	495	28
1469	40	389	29
1470	40	197	31
1471	40	195	32
1472	40	191	33
1473	40	189	34
1474	40	187	35
1475	40	497	36
1479	40	100	40
1480	40	218	42
1481	40	220	43
1482	40	221	44
1483	40	224	45
1484	40	413	46
1486	42	572	1
1488	42	574	4
1491	42	523	7
1492	42	524	8
1493	42	526	9
1494	42	527	10
1495	42	348	11
1496	42	347	12
1497	42	345	13
1498	42	346	14
1499	42	343	16
1501	42	124	18
1503	42	122	19
1504	42	118	21
1505	42	119	22
1506	42	116	23
1507	42	115	24
1508	42	114	25
1509	42	414	26
1510	42	416	30
1511	42	496	31
1512	42	193	33
1513	42	192	34
1514	42	476	35
1515	42	477	36
1516	42	393	39
1517	42	37	40
1518	42	38	41
1519	42	391	38
1522	42	577	32
1523	42	415	29
1524	42	417	28
1525	42	113	27
1526	25	572	1
1528	25	574	4
1531	25	523	7
1532	25	524	8
1533	25	526	9
1534	25	527	10
1535	25	348	11
1536	25	347	12
1537	25	345	13
1538	25	346	14
1539	25	343	16
1541	25	124	18
1543	25	122	19
1544	25	315	21
1545	25	316	22
1546	25	314	23
1547	25	313	24
1548	25	312	25
1549	25	311	26
1550	25	582	27
1551	25	583	28
1552	25	581	29
1553	25	580	30
1554	25	578	31
1555	25	579	32
1556	25	212	33
1557	25	211	34
1558	25	213	35
1559	25	214	36
1560	25	215	37
1561	25	216	38
1562	25	144	41
1563	25	145	42
1564	25	146	43
1565	25	147	44
1566	25	584	45
1567	25	585	46
1568	25	586	47
1569	25	587	48
1570	25	13	49
1571	25	14	50
1572	25	41	51
1573	25	42	52
1574	25	43	53
1575	25	44	54
1576	25	48	56
1577	25	256	57
1578	25	257	58
1579	25	589	59
1580	25	590	60
1581	25	591	61
1582	25	592	62
1583	25	593	63
1584	25	594	64
1585	25	595	65
1586	25	596	66
1587	25	597	67
1588	25	598	68
1589	25	599	69
1590	25	600	70
1591	25	601	71
1592	25	602	39
1593	25	603	40
1594	42	121	20
1595	25	123	20
1598	20	12	3
1600	20	15	6
1601	20	16	7
1602	20	17	8
1603	20	18	9
1604	20	19	10
1605	20	20	11
1606	20	21	12
1607	20	22	13
1608	20	23	14
1609	20	24	15
1610	20	25	16
1611	20	26	17
1612	20	27	18
1613	20	28	19
1614	20	29	20
1615	20	30	21
1618	20	33	23
1619	20	34	24
1620	20	35	25
1621	20	36	26
1622	20	126	27
1623	20	127	28
1625	20	453	29
1626	20	461	31
1627	20	456	34
1628	20	458	35
1629	20	393	36
1632	20	457	33
1633	20	460	32
1634	20	454	30
1635	44	605	1
1637	44	607	3
1638	44	609	4
1639	44	611	5
1640	44	613	6
1641	44	615	7
1642	44	617	8
1643	44	350	9
1644	44	345	10
1646	44	124	12
1647	44	122	13
1648	44	118	14
1649	44	116	15
1650	44	115	16
1651	44	414	17
1652	44	416	18
1653	44	496	19
1654	44	193	20
1655	44	475	21
1657	44	203	22
1658	44	388	23
1659	44	494	24
1660	44	209	25
1661	44	205	26
1662	44	206	27
1663	44	136	28
1664	44	135	29
1665	44	132	30
1666	44	130	31
1667	44	127	32
1668	44	38	33
1669	44	391	34
1672	44	192	36
1673	44	577	37
1674	44	415	38
1675	44	417	39
1676	44	113	40
1677	44	114	41
1678	44	119	42
1679	44	121	43
1681	44	343	45
1682	44	346	46
1683	44	349	47
1684	44	618	48
1685	44	616	49
1686	44	614	50
1687	44	612	51
1688	44	610	52
1689	44	608	53
1690	44	606	54
1691	44	605	55
1692	43	605	1
1694	43	607	3
1695	43	609	4
1696	43	611	5
1697	43	613	6
1698	43	615	7
1699	43	617	8
1700	43	350	9
1701	43	345	10
1703	43	124	12
1704	43	122	13
1705	43	118	14
1706	43	116	15
1707	43	115	16
1708	43	414	17
1709	43	416	18
1710	43	496	19
1711	43	193	20
1712	43	476	21
1713	43	477	22
1714	43	393	23
1715	43	37	24
1716	43	126	25
1718	43	129	26
1720	43	133	27
1721	43	134	28
1722	43	137	29
1723	43	207	30
1724	43	204	31
1725	43	208	32
1726	43	495	33
1727	43	389	34
1728	43	202	35
1729	43	192	37
1730	43	577	38
1731	43	415	39
1732	43	417	40
1733	43	113	41
1734	43	114	42
1735	43	119	43
1736	43	121	44
1738	43	343	46
1739	43	346	47
1740	43	349	48
1741	43	618	49
1742	43	616	50
1743	43	614	51
1744	43	612	52
1745	43	610	53
1746	43	608	54
1747	43	606	55
1748	43	605	56
1749	43	619	36
1750	45	620	1
1751	45	624	2
1752	45	623	3
1753	45	631	4
1754	45	629	5
1755	45	627	6
1756	45	626	7
1757	45	622	8
1758	45	96	10
1759	45	95	11
1760	45	502	12
1761	45	188	13
1762	45	190	14
1763	45	194	15
1764	45	196	16
1766	45	203	17
1767	45	388	18
1768	45	494	19
1769	45	209	20
1770	45	205	21
1771	45	206	22
1772	45	136	23
1773	45	135	24
1774	45	132	25
1775	45	130	26
1776	45	127	27
1777	45	406	28
1778	45	64	29
1779	45	66	30
1780	45	503	31
1781	45	504	32
1782	45	505	33
1783	45	179	34
1785	45	87	36
1786	45	93	37
1787	45	97	38
1788	45	99	39
1789	45	621	40
1790	45	625	41
1791	45	628	42
1792	45	630	43
1793	45	631	44
1794	45	624	45
1795	45	620	46
1796	46	620	1
1797	46	624	2
1798	46	623	3
1799	46	631	4
1800	46	629	5
1801	46	627	6
1802	46	626	7
1803	46	622	8
1804	46	96	10
1805	46	92	11
1806	46	90	12
1807	46	89	13
1808	46	86	14
1809	46	84	15
1810	46	67	16
1811	46	846	17
1812	46	407	18
1813	46	37	19
1814	46	126	20
1816	46	129	22
1818	46	133	23
1819	46	134	24
1820	46	137	25
1821	46	207	26
1822	46	204	27
1823	46	208	28
1824	46	495	29
1825	46	389	30
1826	46	202	31
1827	46	197	32
1828	46	195	33
1829	46	191	34
1830	46	189	35
1831	46	187	36
1832	46	497	37
1833	46	94	38
1834	46	97	39
1835	46	99	40
1836	46	621	41
1837	46	626	42
1838	46	628	43
1839	46	630	44
1840	46	631	45
1841	46	624	46
1842	46	620	47
1843	47	632	1
1844	47	79	2
1845	47	78	3
1846	47	74	4
1847	47	291	5
1848	47	290	6
1849	47	286	7
1850	47	283	8
1852	47	280	9
1853	47	277	10
1854	47	276	11
1855	47	274	12
1856	47	271	13
1857	47	513	14
1858	47	514	15
1859	47	515	16
1860	47	516	18
1861	47	64	20
1862	47	68	21
1864	47	72	23
1865	47	75	24
1866	47	76	25
1867	47	77	26
1868	47	80	27
1869	47	632	28
1870	47	634	17
1871	47	633	19
1873	48	632	1
1874	48	79	2
1875	48	78	3
1876	48	74	4
1877	48	73	5
1878	48	71	6
1879	48	83	7
1880	48	67	8
1881	48	846	9
1882	48	509	10
1883	48	510	11
1885	48	511	12
1886	48	512	13
1887	48	272	14
1888	48	273	15
1889	48	275	16
1890	48	278	17
1891	48	279	18
1892	48	282	19
1893	48	284	20
1894	48	287	21
1896	48	292	22
1898	48	72	24
1899	48	75	25
1900	48	76	26
1901	48	77	27
1902	48	80	28
1903	48	632	29
1924	5	149	20
1925	5	148	21
1926	5	143	22
1927	5	142	23
1928	5	141	24
1929	5	139	25
1930	5	140	26
1932	5	136	28
1933	5	134	29
1934	5	135	30
1935	5	133	31
1936	5	132	32
1938	5	129	33
1939	5	130	34
1940	5	453	35
1941	5	454	36
1942	5	461	37
1943	5	460	38
1944	5	456	39
1945	5	457	40
1946	5	458	41
1947	5	393	42
1950	49	643	58
1951	49	644	57
1952	49	645	2
1953	49	646	56
1954	49	647	3
1956	49	648	55
1957	49	649	4
1958	49	650	53
1959	49	651	6
1960	49	652	52
1961	49	653	7
1962	49	655	50
1963	49	656	8
1964	49	657	49
1965	49	658	9
1966	49	659	10
1967	49	660	12
1968	49	262	47
1970	49	261	13
1971	49	258	14
1972	49	259	46
1973	49	46	15
1974	49	48	45
1975	49	50	44
1977	49	661	16
1978	49	662	43
1979	49	663	42
1980	49	664	17
1981	49	665	18
1982	49	666	41
1983	49	667	20
1984	49	668	40
1985	49	25	21
1986	49	26	39
1987	49	27	38
1988	49	28	22
1989	49	485	23
1990	49	486	37
1991	49	487	36
1992	49	488	24
1993	49	489	25
1994	49	490	35
1995	49	491	26
1996	49	492	34
1997	49	136	33
1998	49	137	27
1999	49	139	28
2000	49	141	29
2001	49	408	30
2002	49	205	31
2003	49	206	32
2004	49	643	1
2005	50	643	1
2006	50	644	2
2007	50	645	3
2008	50	646	4
2009	50	647	5
2010	50	648	6
2011	50	649	7
2012	50	650	10
2013	50	651	11
2014	50	652	12
2015	50	653	13
2016	50	655	15
2017	50	656	16
2018	50	657	17
2019	50	658	18
2020	50	659	19
2021	50	660	22
2022	50	262	23
2024	50	261	24
2025	50	258	25
2026	50	259	26
2027	50	46	27
2028	50	48	28
2029	50	50	29
2031	50	661	30
2032	50	662	31
2033	50	663	32
2034	50	664	33
2035	50	665	34
2036	50	666	35
2037	50	667	37
2038	50	668	38
2039	50	25	39
2040	50	26	40
2041	50	28	42
2042	50	485	43
2043	50	486	44
2044	50	487	45
2045	50	488	46
2046	50	489	47
2047	50	490	48
2048	50	491	49
2049	50	492	50
2050	50	136	51
2051	50	137	52
2052	50	139	53
2053	50	206	54
2054	50	141	55
2055	50	205	56
2057	50	408	57
2058	50	27	41
2059	51	643	1
2060	51	644	2
2061	51	645	3
2062	51	646	4
2063	51	647	5
2064	51	648	6
2065	51	649	7
2066	51	650	10
2067	51	651	11
2068	51	652	12
2069	51	653	13
2070	51	655	15
2071	51	656	16
2072	51	657	17
2073	51	658	18
2074	51	659	19
2075	51	660	22
2076	51	262	23
2078	51	261	24
2079	51	257	25
2080	51	256	26
2081	51	589	27
2082	51	590	28
2083	51	591	29
2084	51	592	30
2085	51	593	31
2086	51	594	32
2087	51	595	33
2088	51	596	34
2089	51	597	35
2090	51	598	36
2091	51	599	37
2092	51	600	38
2093	51	309	42
2094	51	307	43
2095	51	308	44
2096	51	306	45
2097	51	304	46
2098	51	305	47
2099	51	302	48
2100	51	303	49
2101	51	301	50
2102	51	299	51
2103	51	300	52
2104	51	298	53
2105	51	297	54
2106	51	295	55
2107	51	296	56
2108	51	293	57
2109	51	294	58
2112	51	290	59
2113	51	292	62
2114	51	291	63
2116	51	72	65
2117	51	74	66
2118	51	75	67
2119	51	76	68
2120	51	77	69
2121	51	78	70
2122	51	79	71
2123	51	80	72
2124	51	632	73
2125	51	669	39
2126	51	670	41
2127	51	540	40
2128	50	673	8
2129	50	674	9
2130	51	673	8
2131	51	674	9
2132	49	673	5
2133	49	674	54
2168	52	451	1
2169	52	356	2
2171	52	319	5
2172	52	323	4
2173	52	325	3
2174	52	317	6
2175	52	318	7
2176	52	315	9
2177	52	316	10
2178	52	314	11
2179	52	313	12
2180	52	311	13
2181	52	310	14
2182	52	198	15
2183	52	197	16
2184	52	196	17
2185	52	195	18
2186	52	194	19
2187	52	190	20
2188	52	191	21
2189	52	188	22
2190	52	189	23
2191	52	187	24
2192	52	186	25
2193	52	184	26
2194	52	185	27
2195	52	181	28
2196	52	182	29
2197	52	179	30
2198	52	178	31
2199	52	84	32
2200	52	83	33
2201	52	69	34
2202	52	290	37
2205	52	680	38
2206	52	681	39
2207	52	682	40
2208	52	683	41
2209	52	684	42
2210	52	685	43
2211	52	686	44
2212	52	687	45
2213	52	688	46
2214	52	689	47
2215	52	678	48
2216	52	679	49
2217	52	677	54
2219	52	292	36
2220	54	690	1
2221	54	351	2
2222	54	124	3
2223	54	120	4
2224	54	118	5
2225	54	116	6
2226	54	115	7
2227	54	414	8
2228	54	416	9
2229	54	496	10
2230	54	193	11
2231	54	476	12
2232	54	477	13
2233	54	393	14
2234	54	37	15
2235	54	126	16
2237	54	129	17
2239	54	133	18
2240	54	134	19
2241	54	137	20
2242	54	207	21
2243	54	204	22
2244	54	208	23
2245	54	495	24
2246	54	389	25
2247	54	386	26
2248	54	582	27
2249	54	311	28
2250	54	314	29
2251	54	316	30
2252	54	318	32
2253	54	319	33
2254	54	323	34
2258	54	355	42
2259	54	690	43
2260	54	692	35
2275	55	388	13
2276	55	494	14
2277	55	209	15
2278	55	205	16
2279	55	206	17
2280	55	136	18
2281	55	135	19
2282	55	132	20
2283	55	130	21
2284	55	127	22
2285	55	38	23
2286	55	391	24
2288	55	399	25
2342	57	697	1
2343	57	698	2
2344	57	700	3
2345	57	702	4
2346	57	704	5
2347	57	707	6
2348	57	709	7
2349	57	711	8
2350	57	713	9
2351	57	716	11
2352	57	447	12
2353	57	445	13
2354	57	450	14
2355	57	441	15
2356	57	439	16
2357	57	437	17
2358	57	435	18
2359	57	434	19
2360	57	432	20
2361	57	430	21
2362	57	429	22
2363	57	427	23
2364	57	371	24
2365	57	372	25
2366	57	374	26
2367	57	376	27
2368	57	378	28
2369	57	379	29
2370	57	381	30
2371	57	384	31
2372	57	387	32
2373	57	202	33
2375	57	476	36
2377	57	203	37
2378	57	385	38
2379	57	383	39
2380	57	382	40
2381	57	380	41
2382	57	377	42
2383	57	375	43
2384	57	373	44
2385	57	370	45
2386	57	428	46
2387	57	431	47
2388	57	433	48
2389	57	436	49
2390	57	438	50
2391	57	440	51
2392	57	442	52
2393	57	443	53
2394	57	446	54
2395	57	448	55
2396	57	715	56
2397	57	714	58
2398	57	712	59
2399	57	710	60
2400	57	706	61
2401	57	705	62
2402	57	703	63
2403	57	699	64
2404	57	698	65
2405	57	697	66
2406	57	717	57
2407	57	718	10
2408	58	720	1
2409	58	704	2
2410	58	707	3
2411	58	709	4
2412	58	711	5
2413	58	713	6
2414	58	718	7
2415	58	716	8
2416	58	447	9
2417	58	445	10
2418	58	450	11
2419	58	441	12
2420	58	439	13
2421	58	437	14
2422	58	435	15
2423	58	434	16
2424	58	432	17
2425	58	430	18
2426	58	429	19
2427	58	427	20
2428	58	371	21
2429	58	372	22
2430	58	374	23
2431	58	376	24
2432	58	378	25
2433	58	379	26
2434	58	381	27
2435	58	384	28
2436	58	387	29
2437	58	202	30
2439	58	476	32
2441	58	203	33
2442	58	385	34
2443	58	383	35
2444	58	382	36
2445	58	380	37
2446	58	377	38
2447	58	375	39
2448	58	373	40
2449	58	370	41
2450	58	428	42
2451	58	431	43
2452	58	433	44
2453	58	436	45
2454	58	438	46
2455	58	440	47
2456	58	442	48
2457	58	443	49
2458	58	446	50
2459	58	448	51
2460	58	715	52
2461	58	717	53
2462	58	714	54
2463	58	712	55
2464	58	710	56
2465	58	706	57
2466	58	705	58
2467	58	720	59
2504	21	722	1
2505	21	723	2
2506	21	724	3
2507	21	725	4
2508	21	726	5
2509	21	727	6
2510	21	360	7
2511	21	361	8
2512	21	356	9
2513	21	357	10
2514	21	321	11
2516	21	317	13
2517	21	318	14
2518	21	315	16
2519	21	316	17
2520	21	314	18
2521	21	313	19
2522	21	310	20
2523	21	311	21
2524	21	198	22
2525	21	200	23
2526	21	477	25
2531	21	475	24
2536	38	550	1
2543	38	101	6
2544	38	96	7
2545	38	95	8
2546	38	502	9
2547	38	188	10
2548	38	190	11
2549	38	194	12
2552	38	203	14
2553	38	388	15
2554	38	494	16
2555	38	209	17
2556	38	205	18
2557	38	206	19
2558	38	136	20
2559	38	135	21
2560	38	132	22
2561	38	130	23
2562	38	127	24
2564	38	406	25
2565	38	64	26
2566	38	66	27
2567	38	503	28
2568	38	504	29
2569	38	505	30
2570	38	184	31
2571	38	497	32
2572	38	94	33
2573	38	100	34
2579	38	550	40
2583	59	728	1
2584	59	730	2
2585	59	731	3
2586	59	732	4
2587	59	733	5
2588	59	734	6
2590	59	262	8
2591	59	260	9
2592	59	261	10
2593	59	258	11
2594	59	259	12
2595	59	46	13
2596	59	48	14
2597	59	50	15
2599	59	52	17
2600	59	53	18
2601	59	54	19
2602	59	55	20
2603	59	56	21
2604	59	57	22
2605	59	58	23
2606	59	59	24
2607	59	60	25
2608	59	61	26
2609	59	38	28
2610	59	391	29
2612	59	393	31
2614	59	477	34
2615	59	192	36
2616	59	193	37
2617	59	577	38
2618	59	415	40
2619	59	416	41
2620	59	496	39
2621	59	417	42
2622	59	414	43
2623	59	113	44
2624	59	114	46
2626	59	116	47
2627	59	117	50
2628	59	476	35
2629	59	735	48
2630	59	736	49
2631	59	37	27
2632	59	115	45
2633	10	728	1
2634	10	730	2
2635	10	731	3
2636	10	732	4
2637	10	733	5
2638	10	734	6
2639	10	660	7
2640	10	262	8
2641	10	260	9
2642	10	261	10
2643	10	258	11
2644	10	259	12
2645	10	48	13
2646	10	46	14
2648	10	50	16
2649	10	45	17
2650	10	43	18
2651	10	44	19
2652	10	41	20
2653	10	42	21
2654	10	39	22
2655	10	40	23
2656	10	13	24
2657	10	14	25
2658	10	588	26
2659	10	737	29
2660	10	738	30
2663	10	743	46
2664	10	744	45
2669	10	135	49
2670	10	134	50
2671	10	745	51
2672	10	747	52
2673	10	748	53
2675	10	749	56
2676	10	750	57
2677	10	751	59
2678	10	389	60
2680	10	386	61
2681	10	385	62
2682	10	383	63
2683	10	382	64
2684	10	380	65
2685	10	377	66
2686	10	375	67
2687	10	373	68
2688	10	369	69
2689	10	366	70
2690	10	365	71
2691	10	363	72
2692	10	359	73
2693	10	356	74
2695	10	317	76
2696	10	315	77
2697	10	316	78
2699	10	120	80
2700	10	476	81
2701	10	193	82
2702	10	496	83
2703	10	416	84
2704	10	414	85
2705	10	115	86
2706	10	116	87
2707	10	736	88
2708	10	117	90
2711	10	754	58
2712	10	735	89
2713	10	755	54
2714	10	756	55
2715	33	309	10
2716	33	308	11
2717	33	304	12
2718	33	303	13
2719	33	301	14
2720	33	299	15
2721	33	298	16
2722	33	296	17
2723	33	293	18
2725	33	292	19
2726	33	83	20
2727	33	178	21
2728	33	181	22
2729	33	184	23
2730	33	188	24
2731	33	475	27
2732	33	198	28
2733	33	311	29
2734	33	314	30
2735	33	316	31
2737	33	123	32
2739	33	342	33
2740	33	339	34
2741	33	338	35
2742	33	335	36
2743	33	332	37
2744	33	101	38
2745	33	96	39
2746	33	95	40
2747	33	502	41
2748	33	186	42
2749	33	185	43
2750	33	182	44
2751	33	179	45
2752	33	84	46
2753	33	69	47
2754	33	290	48
2756	33	294	49
2757	33	295	50
2758	33	297	51
2759	33	300	52
2760	33	302	53
2761	33	305	54
2762	33	306	55
2765	22	758	23
2766	33	759	25
2767	29	203	14
2768	17	760	1
2769	17	761	3
2770	17	762	4
2772	17	69	6
2773	17	292	7
2774	17	290	8
2777	17	293	9
2778	17	294	10
2779	17	295	11
2780	17	296	12
2781	17	297	13
2782	17	298	14
2783	17	299	15
2784	17	300	16
2785	17	302	17
2786	17	303	18
2787	17	304	19
2788	17	305	20
2789	17	307	22
2790	17	308	23
2791	17	309	24
2792	17	540	25
2793	17	670	26
2794	17	669	27
2795	17	600	28
2796	17	599	29
2797	17	597	30
2798	17	598	31
2799	17	595	32
2800	17	596	33
2801	17	593	34
2802	17	594	35
2803	17	591	36
2804	17	592	37
2805	17	589	38
2806	17	590	39
2807	17	256	40
2808	17	257	41
2810	17	48	42
2813	17	45	43
2814	17	43	44
2815	17	44	45
2816	17	41	46
2817	17	42	47
2818	17	39	48
2819	17	40	49
2820	17	13	50
2821	17	14	51
2822	17	586	52
2823	17	587	53
2824	17	584	54
2825	17	585	55
2826	17	146	56
2827	17	147	57
2828	17	144	58
2829	17	145	59
2830	17	765	60
2831	17	766	61
2832	17	767	62
2841	17	776	73
2842	17	777	74
2843	17	779	75
2844	17	443	76
2845	17	446	77
2846	17	781	78
2847	17	448	79
2848	17	715	80
2849	17	782	81
2850	2	453	35
2852	2	456	38
2853	2	457	37
2854	2	460	36
2855	2	783	39
2856	31	506	1
2857	31	688	2
2858	31	689	3
2859	31	686	4
2860	31	687	5
2861	31	684	6
2862	31	685	7
2863	31	682	8
2864	31	683	9
2865	31	681	11
2867	23	21	1
2868	23	22	2
2869	23	23	3
2870	23	24	4
2871	23	25	5
2872	23	26	6
2873	23	27	7
2874	23	28	8
2875	23	485	9
2876	23	486	10
2877	23	487	11
2878	23	488	12
2879	23	489	13
2880	23	490	14
2881	23	491	15
2882	23	492	16
2883	23	136	17
2884	23	138	18
2885	23	206	19
2886	23	207	20
2887	23	204	21
2888	23	205	22
2889	23	208	23
2890	23	209	24
2891	23	494	25
2892	23	495	26
2893	23	388	27
2894	23	389	28
2895	23	386	29
2896	23	387	30
2897	23	582	31
2898	23	583	32
2899	23	311	33
2900	23	425	34
2901	23	422	35
2902	23	423	36
2903	23	420	37
2904	23	421	38
2905	23	419	40
2906	23	784	42
2907	23	785	41
2908	22	785	36
2909	41	412	1
2910	41	410	2
2911	41	225	3
2912	41	222	4
2913	41	219	5
2914	41	217	6
2915	41	101	7
2918	41	188	12
2919	41	194	13
2920	41	196	14
2922	41	203	15
2923	41	388	16
2924	41	494	17
2925	41	209	18
2926	41	205	19
2927	41	206	20
2928	41	136	21
2929	41	135	22
2930	41	132	23
2931	41	130	24
2932	41	127	25
2933	41	38	26
2934	41	406	27
2935	41	64	28
2936	41	66	29
2937	41	505	32
2938	41	503	30
2939	41	504	31
2940	41	184	33
2941	41	497	34
2945	41	100	38
2946	41	218	40
2947	41	220	41
2948	41	221	42
2949	41	224	43
2950	41	413	44
2951	41	502	11
2952	60	786	1
2955	60	789	4
2956	60	790	5
2957	60	295	6
2958	60	296	7
2959	60	293	8
2960	60	294	9
2963	60	290	12
2964	60	292	13
2965	60	69	14
2966	60	83	15
2967	60	84	16
2968	60	178	17
2969	60	179	18
2970	60	181	19
2971	60	182	20
2972	60	184	21
2973	60	185	22
2974	60	186	23
2975	60	188	24
2976	60	189	25
2977	60	191	26
2978	60	190	27
2979	60	194	28
2980	60	195	29
2981	60	196	30
2982	60	197	31
2983	60	200	32
2984	61	46	1
2985	61	48	2
2986	61	50	3
3010	61	399	16
3013	61	192	17
3015	61	577	18
3017	61	791	19
3018	61	502	24
3019	61	497	25
3020	61	94	26
3021	61	95	27
3022	61	96	28
3023	61	97	29
3024	61	101	30
3025	61	100	31
3026	61	218	33
3027	61	217	34
3028	61	219	35
3029	61	220	36
3030	61	221	37
3031	61	222	38
3032	61	224	39
3033	61	225	40
3034	61	410	41
3035	61	411	42
3036	61	413	43
3037	61	412	44
3043	62	227	4
3044	62	226	5
3045	62	222	6
3046	62	221	7
3047	62	219	8
3048	62	220	9
3049	62	218	10
3050	62	217	12
3051	62	101	13
3052	62	100	14
3053	62	96	15
3054	62	97	16
3055	62	94	17
3056	62	95	18
3057	62	497	19
3058	62	502	20
3059	62	791	21
3060	62	792	22
3061	62	793	23
3062	62	577	24
3063	62	192	25
3064	62	193	26
3065	62	476	27
3066	62	399	28
3067	62	477	29
3069	62	393	30
3070	63	795	1
3071	63	811	2
3072	63	796	3
3075	63	797	7
3076	63	798	9
3078	63	800	10
3079	63	802	11
3080	63	801	12
3081	63	804	13
3082	63	803	14
3083	63	805	15
3084	63	806	16
3085	63	809	17
3086	63	807	18
3088	63	402	19
3089	63	401	20
3090	63	400	21
3092	63	65	22
3093	63	391	23
3097	63	815	24
3098	64	813	2
3099	64	812	4
3100	64	797	5
3101	64	798	6
3103	64	800	8
3104	64	801	9
3105	64	802	10
3106	64	803	11
3107	64	804	12
3108	64	807	13
3109	64	805	15
3110	64	806	16
3111	64	809	17
3112	64	65	19
3113	64	391	21
3116	64	401	18
3117	64	400	20
3119	64	810	22
3120	65	643	1
3121	65	644	2
3122	65	645	3
3123	65	646	4
3124	65	647	5
3125	65	648	6
3126	65	649	7
3127	65	673	8
3128	65	674	9
3129	65	650	10
3130	65	651	11
3131	65	652	12
3132	65	653	13
3133	65	654	14
3134	65	655	15
3135	65	656	16
3136	65	657	17
3137	65	658	18
3138	65	659	19
3139	65	660	22
3140	65	262	23
3142	65	261	24
3143	65	258	25
3144	65	259	26
3145	65	46	27
3146	65	48	28
3147	65	50	29
3149	65	52	31
3150	65	53	32
3151	65	54	33
3152	65	55	34
3153	65	56	35
3154	65	57	36
3155	65	58	37
3156	65	59	38
3157	65	409	39
3158	65	62	40
3159	65	37	41
3160	65	38	42
3161	65	391	43
3162	65	393	44
3164	65	477	45
3165	65	816	46
3168	66	227	2
3169	66	226	3
3170	66	222	4
3171	66	221	5
3172	66	219	6
3173	66	220	7
3174	66	218	8
3175	66	217	9
3176	66	101	11
3177	66	100	12
3178	66	96	13
3179	66	97	14
3180	66	94	15
3181	66	95	16
3182	66	497	17
3183	66	502	18
3184	66	791	19
3185	66	792	20
3186	66	793	21
3187	66	577	22
3188	66	192	23
3189	66	193	24
3190	66	476	25
3191	66	399	27
3193	66	393	29
3194	67	293	13
3195	67	294	14
3198	67	290	15
3199	67	292	17
3200	67	69	18
3201	67	83	19
3202	67	84	20
3203	67	178	21
3204	67	179	22
3205	67	181	23
3206	67	182	24
3207	67	184	25
3208	67	185	26
3209	67	186	27
3210	67	187	28
3211	67	188	29
3212	67	189	30
3213	67	190	31
3214	67	191	32
3215	67	194	33
3216	67	195	34
3217	67	197	35
3218	67	200	36
3219	68	271	1
3220	68	272	2
3221	68	512	3
3222	68	513	4
3223	68	514	5
3224	68	511	6
3227	68	515	7
3228	68	510	8
3229	68	634	9
3230	68	633	10
3231	68	509	11
3232	68	822	12
3234	69	722	1
3235	69	723	2
3236	69	724	3
3237	69	725	4
3238	69	726	5
3239	69	727	6
3240	69	360	7
3241	69	361	8
3242	69	356	9
3243	69	357	10
3244	69	321	11
3246	69	317	12
3247	69	318	13
3248	69	315	15
3249	69	316	16
3250	69	314	17
3251	69	313	18
3252	69	310	19
3253	69	311	20
3254	69	198	21
3255	69	200	22
3256	69	475	23
3257	69	477	24
3258	69	399	25
3290	71	829	1
3291	71	827	2
3292	71	825	3
3293	71	826	4
3294	71	823	5
3295	71	824	6
3296	71	828	7
3297	71	715	8
3298	71	716	9
3299	71	448	10
3300	71	447	11
3301	71	446	12
3302	71	445	13
3303	71	443	14
3304	71	450	15
3305	71	441	16
3306	71	442	17
3307	71	440	18
3308	71	439	19
3309	71	438	20
3310	71	437	21
3311	71	435	22
3312	71	436	23
3313	71	434	24
3314	71	432	25
3315	71	433	26
3316	71	430	27
3317	71	431	28
3318	71	429	29
3319	71	427	30
3320	71	428	31
3321	71	370	32
3322	71	372	33
3323	71	373	34
3324	71	374	35
3325	71	375	36
3326	71	376	37
3327	71	377	38
3328	71	378	39
3329	71	379	40
3330	71	380	41
3331	71	381	42
3332	71	382	43
3333	71	383	44
3334	71	384	45
3335	71	385	46
3336	71	386	47
3337	71	387	48
3338	71	203	49
3339	71	202	50
3342	71	399	52
3343	72	830	1
3344	72	831	2
3345	72	523	3
3346	72	526	4
3347	72	348	5
3348	72	345	6
3350	72	124	8
3351	72	122	9
3352	72	118	10
3353	72	116	11
3354	72	115	12
3355	72	414	13
3356	72	416	14
3357	72	496	15
3358	72	193	16
3359	72	475	17
3361	72	203	18
3362	72	388	19
3363	72	494	20
3364	72	209	21
3365	72	205	22
3366	72	206	23
3367	72	136	24
3368	72	135	25
3369	72	132	26
3370	72	130	27
3371	72	127	28
3372	72	38	29
3373	72	391	30
3375	72	399	31
3376	72	192	32
3377	72	577	33
3378	72	415	34
3379	72	417	35
3380	72	113	36
3381	72	114	37
3382	72	119	38
3385	72	343	41
3386	72	346	42
3387	72	347	43
3388	72	527	44
3389	72	524	45
3390	72	831	46
3391	72	830	47
3392	73	830	1
3393	73	831	2
3394	73	523	3
3395	73	526	4
3396	73	348	5
3397	73	345	6
3399	73	124	8
3400	73	122	9
3401	73	118	10
3402	73	116	11
3403	73	115	12
3404	73	414	13
3405	73	416	14
3406	73	496	15
3407	73	193	16
3408	73	476	17
3410	73	477	18
3411	73	393	19
3412	73	37	20
3413	73	126	21
3415	73	129	22
3417	73	133	23
3418	73	134	24
3419	73	138	25
3420	73	207	26
3421	73	204	27
3422	73	208	28
3423	73	495	29
3424	73	389	30
3425	73	202	31
3426	73	619	32
3427	73	192	33
3428	73	577	34
3429	73	415	35
3430	73	417	36
3431	73	113	37
3432	73	114	38
3433	73	119	39
3434	73	121	40
3436	73	343	42
3437	73	346	43
3438	73	347	44
3439	73	527	45
3440	73	524	46
3441	73	831	47
3442	73	830	48
3443	72	121	39
3444	74	451	1
3445	74	675	2
3446	74	692	3
3447	74	323	4
3450	74	319	7
3451	74	317	8
3452	74	318	9
3453	74	315	11
3454	74	316	12
3455	74	313	13
3456	74	314	14
3457	74	310	15
3458	74	311	16
3459	74	198	17
3460	74	200	18
3461	74	477	19
3462	74	399	20
3465	74	393	23
3466	74	37	24
3467	74	38	25
3469	74	60	26
3471	74	58	27
3472	74	59	28
3473	74	56	29
3474	74	57	30
3475	74	54	31
3476	74	55	32
3477	74	52	33
3478	74	53	34
3479	74	51	35
3480	74	50	36
3481	74	46	37
3482	74	48	38
3483	74	259	39
3484	74	258	40
3485	74	260	41
3486	74	261	42
3487	74	262	43
3489	74	733	45
3490	74	734	46
3491	74	731	49
3492	74	732	50
3493	74	730	51
3494	75	506	1
3495	75	688	2
3496	75	689	3
3497	75	686	4
3498	75	687	5
3499	75	684	6
3500	75	685	7
3501	75	682	8
3502	75	683	9
3503	75	681	10
3506	75	287	11
3507	75	286	12
3508	75	284	13
3509	75	283	14
3511	75	282	15
3512	75	280	16
3513	75	277	17
3514	75	278	18
3515	75	279	19
3516	75	275	20
3517	75	276	21
3518	75	273	22
3519	75	274	23
3520	75	271	24
3521	75	272	25
3522	75	512	26
3523	75	513	27
3524	75	514	28
3525	75	511	29
3526	75	510	30
3527	75	515	31
3528	75	516	32
3558	75	509	34
3559	75	633	33
3560	77	835	1
3561	77	836	2
3562	77	838	3
3564	77	841	5
3567	77	124	8
3568	77	122	9
3569	77	118	10
3570	77	116	11
3571	77	115	12
3572	77	496	16
3573	77	193	17
3574	77	475	18
3576	77	203	19
3577	77	388	20
3578	77	494	21
3579	77	209	22
3580	77	205	23
3581	77	206	24
3582	77	136	25
3583	77	135	26
3584	77	132	27
3585	77	130	28
3586	77	127	29
3587	77	38	30
3588	77	391	31
3590	77	399	32
3591	77	192	33
3593	77	420	35
3594	77	114	36
3595	77	119	37
3596	77	121	38
3599	77	841	42
3600	77	837	43
3601	77	838	44
3602	77	836	45
3603	77	835	46
3604	77	418	13
3605	77	419	14
3606	77	424	15
3608	78	835	1
3609	78	836	2
3610	78	838	3
3612	78	841	5
3613	78	842	7
3615	78	124	8
3616	78	122	9
3617	78	118	10
3618	78	116	11
3619	78	115	12
3620	78	418	13
3621	78	419	14
3622	78	424	15
3623	78	496	16
3624	78	193	17
3625	78	476	18
3626	78	477	19
3627	78	393	20
3628	78	37	21
3629	78	126	22
3631	78	129	23
3633	78	133	24
3634	78	134	25
3635	78	138	26
3636	78	207	27
3637	78	204	28
3638	78	208	29
3639	78	495	30
3640	78	202	31
3641	78	619	32
3642	78	192	33
3644	78	420	35
3645	78	114	36
3646	78	119	37
3647	78	121	38
3649	78	842	40
3650	78	841	42
3651	78	837	43
3652	78	838	44
3653	78	836	45
3654	78	835	46
3656	80	287	1
3658	80	292	2
3659	80	83	3
3660	80	178	4
3661	80	181	5
3662	80	184	6
3663	80	188	7
3664	80	401	9
3666	80	65	11
3667	80	509	12
3668	80	510	13
3670	80	511	14
3671	80	512	15
3672	80	272	16
3673	80	273	17
3674	80	275	18
3675	80	279	19
3676	80	278	20
3677	80	282	21
3678	80	284	22
3680	80	843	8
3683	79	283	2
3685	79	280	3
3686	79	277	4
3687	79	276	5
3688	79	274	6
3689	79	271	7
3690	79	513	8
3691	79	514	9
3692	79	515	10
3693	79	516	11
3694	79	633	12
3695	79	391	13
3696	79	399	14
3698	79	758	17
3699	79	189	18
3700	79	187	19
3701	79	185	20
3702	79	182	21
3703	79	179	22
3704	79	84	23
3705	79	69	24
3706	79	290	25
3710	81	677	4
3711	81	678	7
3712	81	679	8
3713	81	688	9
3714	81	689	10
3715	81	686	11
3716	81	687	12
3717	81	684	13
3718	81	685	14
3719	81	682	15
3720	81	683	16
3721	81	681	17
3722	81	680	18
3724	81	288	19
3730	81	64	25
3733	82	570	1
3734	82	571	2
3735	82	847	3
3736	82	569	4
3737	82	568	5
3739	82	574	8
3740	82	521	9
3741	82	522	10
3742	82	523	11
3743	82	524	12
3744	82	526	13
3745	82	527	14
3746	82	347	15
3747	82	348	16
3748	82	345	17
3749	82	346	18
3750	82	343	20
3752	82	124	22
3754	82	122	23
3755	82	121	24
3756	82	118	25
3757	82	119	26
3758	82	116	27
3759	82	114	28
3760	82	115	29
3761	82	418	30
3762	82	419	32
3763	82	424	33
3764	82	420	34
3765	83	570	1
3767	83	847	3
3768	83	569	4
3769	83	568	5
3771	83	521	9
3772	83	522	10
3773	83	523	11
3774	83	524	12
3775	83	526	13
3776	83	527	14
3777	83	347	15
3778	83	348	16
3779	83	345	17
3780	83	346	18
3781	83	343	20
3783	83	124	22
3785	83	121	23
3786	83	122	24
3787	83	118	25
3788	83	119	26
3789	83	116	27
3790	83	114	28
3791	83	115	29
3792	83	414	30
3793	83	113	31
3794	83	417	32
3795	83	415	33
3796	83	416	34
3797	83	571	2
3799	84	677	7
3800	84	678	12
3801	84	679	13
3802	84	688	14
3803	84	689	15
3804	84	686	16
3805	84	687	17
3806	84	684	18
3807	84	685	19
3808	84	682	20
3809	84	683	21
3810	84	681	22
3811	84	680	23
3813	84	288	25
3814	84	287	26
3815	84	848	27
3816	84	849	28
3817	84	850	29
3818	84	851	30
3819	84	846	31
3820	84	64	32
3821	84	65	33
3822	84	391	34
3825	84	401	35
3826	84	400	37
3828	85	200	1
3829	85	197	2
3830	85	195	3
3831	85	191	4
3832	85	189	5
3833	85	187	6
3834	85	186	7
3835	85	185	8
3836	85	182	9
3837	85	179	10
3838	85	84	11
3839	85	69	12
3840	85	290	13
3841	85	286	14
3842	85	283	15
3844	85	280	17
3845	85	277	18
3846	85	276	19
3847	85	274	20
3848	85	271	21
3849	85	513	22
3850	85	514	23
3851	85	515	24
3852	85	516	25
3853	85	633	26
3854	85	391	27
3856	85	399	29
3857	85	200	30
3858	86	200	1
3859	86	477	2
3860	86	393	3
3861	86	509	4
3862	86	510	5
3863	86	511	6
3864	86	512	7
3865	86	272	8
3866	86	273	9
3867	86	275	10
3868	86	278	11
3869	86	279	12
3870	86	282	13
3871	86	284	14
3872	86	287	15
3874	86	292	17
3875	86	83	18
3876	86	178	19
3877	86	181	20
3878	86	184	21
3879	86	188	22
3880	86	190	23
3881	86	194	24
3882	86	196	25
3883	86	200	26
3884	87	819	1
3885	87	855	2
3886	87	853	3
3887	87	854	4
3888	87	818	5
3889	87	817	6
3890	87	46	7
3891	87	48	8
3892	87	50	9
3894	87	52	11
3895	87	53	12
3896	87	54	13
3897	87	55	14
3898	87	56	15
3899	87	57	16
3900	87	58	17
3901	87	59	18
3902	87	60	19
3905	87	126	22
3906	87	127	23
3908	87	129	25
3909	87	130	26
3911	87	132	27
3912	87	133	28
3913	87	134	29
3914	87	135	30
3915	87	136	31
3916	87	138	32
3917	87	139	33
3918	87	141	34
3919	87	205	36
3920	87	206	35
3921	87	408	37
3922	88	718	2
3923	88	717	1
3924	88	780	3
3925	88	781	4
3926	88	778	5
3927	88	779	6
3928	88	776	7
3929	88	777	8
3938	88	766	19
3939	88	767	20
3940	88	765	21
3942	88	764	23
3943	88	215	25
3946	88	207	26
3948	88	138	28
3949	88	136	29
3950	88	134	30
3951	88	135	31
3952	88	133	32
3953	88	132	33
3955	88	129	34
3956	88	130	35
3958	88	127	36
3959	88	126	37
3961	88	60	38
3963	88	58	39
3964	88	59	40
3965	88	56	41
3966	88	57	42
3967	88	54	43
3968	88	55	44
3969	88	52	45
3970	88	53	46
3972	88	50	48
3973	88	46	49
3974	88	48	50
3975	88	258	51
3976	88	259	52
3977	88	260	53
3978	88	261	54
3979	88	262	55
3981	88	733	57
3982	88	734	58
3983	88	266	59
4018	45	856	9
4019	46	856	9
4020	90	857	1
4021	90	624	2
4022	90	623	3
4024	90	629	5
4025	90	630	6
4026	90	627	7
4027	90	628	8
4028	90	625	9
4029	90	626	10
4030	90	622	11
4031	90	621	12
4032	90	856	13
4033	90	99	14
4034	90	97	15
4035	90	96	16
4036	90	94	17
4037	90	95	18
4038	90	497	19
4039	90	502	20
4040	90	791	21
4041	90	792	22
4042	90	793	23
4043	90	577	24
4044	90	496	25
4045	90	192	26
4046	90	193	27
4047	90	476	28
4048	90	399	29
4049	90	477	30
4051	90	393	33
4053	90	631	4
4054	91	858	1
4055	91	308	2
4056	91	757	3
4057	91	306	4
4058	91	304	5
4059	91	305	6
4060	91	302	7
4061	91	303	8
4062	91	301	9
4063	91	299	10
4064	91	300	11
4065	91	298	12
4066	91	297	13
4067	91	295	14
4068	91	296	15
4069	91	293	16
4070	91	294	17
4073	91	290	20
4074	91	292	21
4075	91	69	22
4076	91	83	23
4077	91	68	24
4078	91	67	25
4079	91	64	26
4080	91	846	27
4085	92	789	11
4086	92	790	12
4087	92	295	13
4088	92	296	14
4089	92	293	15
4090	92	294	16
4191	37	504	36
4196	95	855	15
4197	95	853	17
4198	95	854	18
4199	95	817	19
4200	95	818	20
4202	95	46	21
4203	95	50	22
4205	95	52	23
4206	95	53	24
4207	95	54	25
4208	95	55	26
4209	95	56	27
4210	95	57	28
4211	95	58	29
4212	95	59	30
4213	95	60	31
4215	95	37	32
4277	16	861	21
4376	101	863	1
4377	101	862	2
4378	101	456	3
4381	101	453	4
4383	101	129	5
4384	101	130	6
4385	101	132	7
4386	101	133	8
4387	101	134	9
4388	101	135	10
4391	101	743	13
4392	101	744	14
4397	101	737	29
4398	101	738	30
4401	102	863	1
4402	102	862	2
4404	102	456	3
4407	102	453	4
4409	102	127	5
4411	102	126	6
4412	102	36	7
4413	102	35	8
4414	102	33	9
4415	102	34	10
4418	102	29	13
4419	102	30	14
4420	102	27	15
4421	102	28	16
4422	102	864	17
4425	102	737	23
4426	102	738	24
4427	102	865	18
4428	103	863	1
4429	103	862	2
4432	103	127	3
4433	103	60	4
4434	103	59	5
4435	103	57	6
4436	103	54	7
4437	103	53	8
4438	103	50	9
4439	103	45	10
4440	103	44	11
4441	103	41	12
4442	103	40	13
4443	103	14	14
4444	103	588	15
4445	103	738	16
4448	103	744	24
4450	103	135	27
4451	103	132	28
4452	103	130	29
4453	103	453	30
4455	103	456	31
4457	103	863	32
4458	5	138	27
4508	106	837	1
4509	106	839	3
4510	106	840	4
4511	106	338	5
4512	106	335	6
4513	106	332	7
4514	106	101	8
4515	106	96	9
4538	106	97	29
4539	106	100	30
4540	106	333	31
4542	106	337	32
4543	106	840	33
4544	106	839	34
4545	106	837	36
4550	31	866	27
4551	107	867	1
4552	107	688	2
4553	107	689	3
4554	107	686	4
4555	107	687	5
4556	107	684	6
4557	107	685	7
4558	107	682	8
4559	107	683	9
4560	107	681	10
4562	107	288	12
4563	107	290	13
4564	107	292	14
4565	107	69	15
4566	107	83	16
4567	107	68	17
4568	107	67	18
4569	107	846	19
4570	107	64	20
4571	107	65	21
4572	107	391	22
4574	107	401	24
4577	107	866	26
4578	108	868	1
4584	108	53	3
4585	108	54	4
4586	108	55	5
4587	108	56	6
4588	108	57	7
4589	108	58	8
4590	108	59	9
4591	108	60	10
4592	108	61	11
4593	108	37	12
4594	108	38	13
4595	108	391	14
4598	109	342	6
4600	109	837	1
4601	109	839	8
4602	109	840	9
4603	109	339	10
4604	109	338	11
4605	109	337	12
4606	109	335	13
4607	109	334	14
4608	109	332	15
4609	109	333	16
4610	109	101	17
4611	109	100	18
4612	109	97	19
4613	109	96	20
4614	109	92	21
4615	109	93	22
4616	109	91	23
4617	109	90	24
4618	109	88	25
4619	109	89	26
4620	109	86	27
4621	109	87	28
4623	109	84	30
4624	109	83	31
4625	109	68	32
4626	109	67	33
4627	109	846	34
4628	109	64	35
4629	109	37	36
4630	109	38	37
4631	109	126	38
4632	109	127	39
4634	109	129	40
4635	109	130	41
4637	109	132	42
4638	109	133	43
4639	109	134	44
4640	109	135	45
4641	109	136	46
4642	109	138	47
4643	109	207	48
4644	109	140	49
4645	109	215	50
4646	109	764	51
4647	109	143	52
4648	109	144	53
4649	109	148	54
4650	109	149	55
4660	110	390	1
4661	110	494	2
4662	110	495	3
4663	110	208	4
4664	110	209	5
4666	110	215	7
4667	110	763	8
4668	110	764	9
4669	110	765	10
4670	110	766	11
4671	110	767	12
4680	110	776	22
4681	110	777	23
4682	110	778	24
4684	110	780	26
4685	110	781	27
4687	110	875	30
4688	110	876	31
4689	110	877	32
4690	110	712	33
4692	110	879	34
4693	110	880	35
4694	110	881	36
4695	110	882	37
4696	110	883	38
4707	110	779	25
4708	110	896	28
4709	110	897	29
4710	7	200	32
4711	35	202	34
4712	40	202	30
4713	4	463	5
4714	4	464	4
4715	4	465	6
4716	4	466	7
4717	4	467	9
4718	4	468	10
4719	4	469	11
4720	4	470	12
4721	4	471	13
4722	4	474	14
4723	4	472	15
4725	4	161	16
4726	4	159	17
4727	4	160	18
4728	4	157	19
4729	4	158	20
4730	4	155	21
4731	4	156	22
4732	4	154	23
4733	4	152	24
4734	4	153	25
4735	4	151	26
4736	4	150	27
4737	5	637	1
4738	5	639	2
4739	5	641	3
4740	5	642	4
4741	5	640	5
4742	5	470	6
4743	5	474	7
4744	5	161	8
4745	5	159	10
4746	5	160	9
4747	5	157	11
4748	5	158	12
4749	5	155	13
4750	5	156	14
4751	5	154	15
4752	5	152	16
4753	5	153	17
4754	5	151	18
4755	5	150	19
4779	109	150	56
4780	109	151	57
4781	109	153	58
4782	109	152	59
4783	109	155	60
4784	109	156	61
4785	109	873	62
4786	109	874	63
4787	109	872	64
4788	6	176	13
4789	6	177	14
4790	6	161	15
4791	6	159	16
4792	6	160	17
4793	6	157	18
4794	6	158	19
4795	6	155	20
4796	6	156	21
4797	6	154	22
4798	6	152	23
4799	6	153	24
4800	6	151	25
4801	6	150	26
4804	109	85	29
4812	22	844	21
4813	79	844	15
4814	66	477	26
4815	111	637	1
4816	111	639	2
4817	111	641	3
4818	111	642	4
4819	111	470	7
4820	111	474	8
4821	111	176	9
4822	111	177	10
4823	111	174	11
4824	111	175	12
4825	111	172	13
4826	111	173	14
4827	111	170	15
4828	111	169	16
4829	111	167	17
4830	111	168	18
4832	111	166	20
4833	111	8	31
4835	111	9	33
4836	111	10	34
4837	111	11	35
4838	111	12	36
4839	111	13	37
4840	111	14	38
4841	111	39	39
4842	111	40	40
4843	111	41	41
4844	111	42	42
4845	111	43	43
4846	111	44	44
4847	111	45	45
4848	111	46	46
4849	111	50	47
4851	111	52	49
4852	111	53	50
4853	111	54	51
4854	111	55	52
4855	111	56	53
4856	111	57	54
4857	111	58	55
4858	111	59	56
4859	111	60	57
4860	111	61	58
4861	111	62	59
4862	111	126	60
4863	111	127	61
4865	111	453	62
4869	112	33	4
4870	112	34	5
4871	112	36	6
4872	112	35	7
4873	112	393	8
4876	112	399	10
4877	112	477	11
4878	112	475	12
4880	112	198	14
4881	112	311	15
4882	112	310	16
4883	112	313	17
4884	112	314	18
4885	112	315	19
4886	112	316	20
4887	112	317	21
4888	112	318	22
4889	112	319	23
4890	112	320	24
4891	112	323	26
4892	112	324	28
4899	112	354	41
4900	111	898	63
4901	17	768	63
4902	17	769	64
4903	17	770	65
4904	17	771	66
4905	17	772	67
4906	17	773	68
4907	17	774	69
4908	110	768	13
4909	110	769	14
4910	110	770	15
4911	110	771	16
4912	110	772	17
4913	110	773	18
4914	110	774	19
4915	88	774	12
4916	88	773	13
4917	88	771	14
4918	88	772	15
4919	88	769	16
4920	88	770	17
4921	88	768	18
4922	110	886	39
4923	110	887	40
4924	110	888	41
4925	110	889	42
4926	110	890	43
4927	110	891	44
4928	110	892	45
4929	110	893	46
4930	110	894	47
4931	110	895	48
4932	19	25	1
4933	19	26	2
4934	24	25	1
4935	24	26	2
4936	115	405	1
4938	115	21	2
4939	115	24	3
4940	115	25	4
4941	115	28	5
4942	115	29	6
4944	115	33	7
4945	115	35	8
4946	115	406	9
4947	115	64	10
4948	115	68	11
4949	115	83	12
4951	115	87	14
4952	115	88	15
4953	115	91	16
4954	115	93	17
4955	115	97	18
4956	115	100	19
4957	115	333	20
4958	115	334	21
4959	115	337	22
4960	115	340	23
4961	115	341	24
4962	115	861	25
4963	115	353	26
4967	115	325	30
4968	115	675	31
4969	115	358	32
4970	115	362	33
4971	115	364	34
4972	115	367	35
4973	115	368	36
4974	115	372	37
4975	115	374	38
4976	115	376	39
4977	115	378	40
4978	115	379	41
4979	115	381	42
4980	115	384	43
4981	115	387	44
4982	115	388	45
4983	115	494	46
4984	115	209	47
4985	115	205	48
4986	115	206	49
4987	115	136	50
4988	115	492	51
4989	115	490	52
4990	115	487	53
4991	115	486	54
4992	115	27	55
4993	115	26	56
4994	115	23	57
4995	115	22	58
4997	115	18	59
4998	115	16	60
4999	114	405	1
5001	114	21	2
5002	114	24	3
5003	114	25	4
5004	114	28	5
5005	114	485	6
5006	114	488	7
5007	114	489	8
5008	114	491	9
5009	114	137	10
5010	114	207	11
5011	114	204	12
5012	114	208	13
5013	114	495	14
5014	114	386	15
5015	114	385	16
5016	114	383	17
5017	114	382	18
5018	114	380	19
5019	114	377	20
5020	114	375	21
5021	114	373	22
5022	114	369	23
5023	114	366	24
5024	114	365	25
5025	114	363	26
5026	114	359	27
5027	114	356	28
5028	114	319	29
5029	114	323	30
5030	114	692	31
5034	114	355	38
5035	114	351	39
5036	114	342	40
5037	114	339	41
5038	114	338	42
5039	114	335	43
5040	114	332	44
5041	114	101	45
5042	114	96	46
5043	114	92	47
5044	114	90	48
5045	114	89	49
5046	114	86	50
5047	114	84	51
5048	114	67	52
5049	114	846	53
5050	114	36	54
5054	114	27	56
5055	114	26	57
5056	114	23	58
5057	114	22	59
5059	114	18	60
5060	114	16	61
5061	114	30	55
5069	15	900	28
5070	19	900	25
5071	24	900	25
5072	21	900	15
5073	111	901	32
5075	52	900	8
5078	54	900	31
5080	69	900	14
5081	74	900	10
5082	43	606	2
5083	44	606	2
5084	38	219	4
5085	38	220	37
5086	38	217	5
5087	38	218	36
5088	112	29	1
5089	112	30	2
5092	4	903	2
5093	4	904	3
5094	4	905	1
5096	20	906	37
5097	21	906	26
5098	63	907	8
5099	63	813	4
5100	64	907	7
5106	117	931	1
5107	117	929	2
5108	117	930	3
5109	117	927	4
5110	117	928	5
5111	117	926	6
5112	117	925	7
5113	117	923	8
5114	117	924	9
5115	117	921	10
5116	117	922	11
5117	117	920	12
5118	117	919	13
5119	117	917	14
5120	117	918	15
5121	117	915	16
5122	117	916	17
5123	117	932	18
5124	117	914	19
5125	117	913	21
5126	117	933	20
5127	111	640	6
5128	111	934	5
5129	117	934	22
5130	117	470	23
5131	117	472	24
5132	117	474	25
5133	117	176	26
5134	117	177	27
5135	117	174	28
5136	117	175	29
5137	117	173	30
5138	117	172	31
5139	117	169	32
5140	117	170	33
5141	117	167	34
5142	117	168	35
5143	117	165	36
5144	117	166	37
5150	117	8	43
5151	117	901	44
5152	117	9	45
5153	117	10	46
5154	117	12	47
5156	117	13	49
5157	117	14	50
5158	117	39	51
5159	117	40	52
5160	117	41	53
5161	117	42	54
5162	117	43	55
5163	117	44	56
5164	117	45	57
5165	117	46	58
5166	117	11	48
5167	117	50	59
5169	117	52	61
5170	117	53	62
5171	117	54	63
5172	117	55	64
5173	117	56	65
5174	117	57	66
5175	117	58	67
5176	117	59	68
5177	117	60	69
5178	117	61	70
5179	117	62	71
5180	117	126	72
5181	117	127	73
5183	117	453	74
5184	117	898	75
5185	118	768	1
5186	118	766	2
5187	118	767	3
5188	118	765	4
5190	118	144	6
5191	118	145	7
5192	118	147	8
5193	118	146	9
5194	118	584	10
5195	118	585	11
5196	118	587	12
5197	118	586	13
5198	118	13	14
5199	118	14	15
5200	118	40	16
5201	118	39	17
5202	118	41	18
5203	118	42	19
5204	118	43	20
5205	118	44	21
5206	118	46	22
5207	118	45	23
5208	118	50	24
5210	118	52	26
5211	118	53	27
5212	118	54	28
5213	118	55	29
5214	118	57	30
5215	118	56	31
5216	118	58	32
5217	118	59	33
5218	118	60	34
5219	118	61	35
5220	118	62	36
5221	118	126	37
5222	118	127	38
5224	118	453	40
5225	118	460	41
5226	118	457	42
5227	118	456	43
5228	118	783	44
5229	106	935	35
5230	106	935	2
5231	120	717	1
5232	120	718	2
5233	120	780	3
5234	120	781	4
5235	120	778	5
5236	120	779	6
5237	120	776	7
5238	120	777	8
5240	120	774	11
5241	120	773	12
5242	120	771	13
5243	120	772	14
5244	120	769	15
5245	120	770	16
5246	120	768	17
5247	120	766	18
5248	120	767	19
5283	120	50	50
5284	120	46	51
5285	120	48	52
5286	120	258	53
5287	120	259	54
5288	120	260	55
5289	120	261	56
5290	120	262	57
5291	120	660	58
5292	120	733	59
5293	120	734	60
5296	120	491	29
5297	120	492	30
5298	120	489	31
5299	120	490	32
5300	120	487	33
5301	120	488	34
5302	120	485	35
5303	120	486	36
5304	120	28	37
5305	120	27	38
5306	120	25	39
5307	120	26	40
5308	120	667	41
5309	120	668	42
5310	120	666	44
5311	120	665	45
5312	120	664	46
5313	120	663	47
5314	120	661	48
5315	120	662	49
5316	120	765	20
5317	120	763	21
5318	120	215	22
5319	120	408	23
5320	120	205	24
5321	120	207	25
5322	120	206	26
5323	120	138	27
5324	120	136	28
5325	74	940	52
5326	74	938	53
5327	74	939	54
5328	74	936	55
5329	74	937	56
5330	74	941	57
5331	74	266	47
5332	74	943	48
5333	120	943	61
5334	120	266	62
5335	120	731	63
5336	120	732	64
5337	120	730	65
5338	120	940	66
5339	120	942	67
5340	88	943	60
5341	88	731	61
5342	88	732	62
5343	88	730	63
5344	88	940	64
5345	88	942	65
5346	88	143	24
5347	88	140	27
5348	88	144	22
5349	77	944	4
5350	78	944	4
5351	77	945	6
5352	77	945	41
5353	78	945	41
5354	78	945	6
5355	77	842	40
5356	77	842	7
5358	77	946	34
5359	78	946	34
5360	19	951	47
5361	19	952	48
5362	19	955	49
5363	19	953	50
5364	19	954	51
5365	19	950	52
5366	19	949	53
5367	19	948	54
5368	19	947	55
5369	19	956	56
5370	19	692	33
5371	112	951	42
5372	112	952	43
5373	112	955	44
5374	112	953	45
5375	112	954	46
5376	112	957	47
5379	4	459	51
5380	5	459	43
5382	6	459	50
5385	95	453	34
5387	95	458	36
5388	84	959	38
5389	66	906	28
5391	90	906	32
5392	39	287	23
5395	39	291	28
5398	39	290	24
5399	39	75	31
5400	39	74	32
5401	39	286	22
5402	11	85	34
5403	18	85	25
5404	34	85	37
5405	37	85	39
5406	35	85	44
5407	45	85	35
5410	115	85	13
5411	24	967	40
5412	24	968	41
5413	24	969	42
5414	24	970	43
5415	24	971	44
5416	24	972	45
5417	24	692	33
5419	16	323	35
5420	16	692	32
5421	19	973	30
5422	24	973	30
5423	112	973	25
5427	113	29	1
5428	113	30	2
5429	113	33	4
5430	113	34	5
5431	113	35	6
5432	113	37	7
5433	113	393	8
5434	113	391	9
5435	113	399	10
5436	113	477	11
5437	113	475	12
5438	113	198	13
5439	113	202	14
5440	113	311	15
5441	113	310	16
5442	113	313	17
5443	113	314	18
5444	113	315	19
5445	113	316	20
5446	113	900	21
5447	113	317	22
5448	113	318	23
5449	113	320	24
5450	113	319	25
5451	113	323	26
5452	113	973	27
5453	113	692	28
5454	113	324	29
5455	113	478	30
5456	113	479	31
5457	113	480	32
5458	113	481	33
5459	113	482	34
5460	113	483	35
5461	113	484	36
5463	24	202	17
5464	24	391	13
5466	19	27	4
5467	19	28	3
5469	19	391	13
5470	19	202	17
5471	24	27	4
5472	24	28	3
5473	112	391	9
5474	112	202	13
5485	122	966	1
5487	122	964	3
5488	122	963	4
5489	122	961	5
5490	122	962	6
5491	122	974	7
5492	122	975	8
5493	122	637	9
5494	122	639	10
5495	122	641	11
5496	122	642	12
5497	122	934	13
5498	122	470	15
5499	122	161	17
5500	122	159	18
5501	122	160	19
5502	122	157	20
5503	122	158	21
5504	122	156	22
5505	122	155	23
5506	122	154	24
5507	122	152	25
5508	122	153	26
5509	122	151	27
5510	122	150	28
5511	122	149	29
5512	122	148	30
5513	122	143	31
5514	122	142	32
5515	122	141	33
5516	122	139	34
5517	122	140	35
5518	122	138	36
5519	122	136	37
5520	122	492	38
5521	122	491	39
5522	122	490	40
5523	122	489	41
5524	122	487	42
5525	122	488	43
5526	122	486	44
5527	122	485	45
5528	122	29	46
5530	122	33	48
5531	122	34	49
5532	122	35	50
5533	122	37	51
5534	122	407	52
5535	122	473	14
5536	122	965	2
5537	123	863	1
5538	123	862	2
5540	123	456	3
5541	123	453	4
5542	123	130	5
5543	123	129	6
5544	123	132	7
5545	123	133	8
5546	123	134	9
5547	123	135	10
5550	123	743	13
5551	123	744	14
5556	123	738	29
5557	123	737	30
5558	123	976	31
5559	123	977	32
5560	123	588	33
5563	71	476	51
5564	38	196	13
5565	49	985	11
5566	49	984	48
5567	50	984	21
5568	50	985	20
5569	51	984	21
5570	51	985	20
5571	65	984	21
5572	65	985	20
5574	25	45	55
5575	124	453	1
5576	124	127	2
5577	124	126	3
5578	124	60	4
5579	124	58	5
5580	124	59	6
5581	124	57	7
5582	124	56	8
5583	124	54	9
5584	124	55	10
5585	124	52	11
5586	124	53	12
5587	124	50	13
5588	124	46	14
5589	124	48	15
5590	124	258	16
5591	124	259	17
5592	124	261	18
5593	124	262	19
5595	124	984	21
5596	124	985	22
5597	124	659	23
5598	124	657	24
5599	124	658	25
5600	124	655	26
5601	124	656	27
5602	124	653	29
5603	124	652	30
5604	124	650	31
5605	124	651	32
5606	124	673	33
5607	124	674	34
5608	124	648	35
5609	124	649	36
5610	124	646	37
5611	124	647	38
5612	124	644	39
5613	124	645	40
5614	124	978	41
5615	124	979	42
5616	124	982	43
5617	124	983	44
5618	124	980	45
5619	124	981	46
5620	11	660	4
5621	59	660	7
5622	74	660	44
5623	88	660	56
5624	124	660	20
5625	50	654	14
5626	51	654	14
5627	49	654	51
5628	124	654	28
5629	60	787	2
5630	60	788	3
5633	95	788	3
5635	95	991	9
5636	95	990	10
5637	95	988	11
5638	95	989	12
5639	95	1000	16
5640	95	997	4
5641	95	995	5
5642	95	994	6
5643	95	993	7
5644	95	992	8
5645	95	987	13
5646	95	1001	14
5647	92	990	3
5648	92	991	4
5649	92	988	1
5650	92	989	2
5651	92	992	5
5652	92	993	6
5653	92	994	7
5654	92	995	8
5655	92	996	9
5656	92	997	10
5659	51	288	61
5662	60	288	11
5666	91	288	18
5669	97	999	1
5670	97	998	2
5671	97	996	3
5672	97	997	4
5673	97	994	5
5674	97	995	6
5675	97	993	7
5676	97	992	8
5677	97	990	9
5678	97	991	10
5679	97	988	11
5680	97	989	12
5681	97	987	13
5682	97	1001	14
5683	97	1000	15
5684	97	855	16
5685	97	854	17
5686	97	853	18
5687	97	817	19
5688	97	818	20
5689	31	1002	24
5690	80	1002	10
5692	107	1002	23
5693	64	402	14
5694	64	796	1
5695	95	1004	2
5696	95	1005	1
5697	101	1014	21
5698	101	1013	22
5699	101	1009	11
5700	101	1010	12
5701	101	1011	17
5702	101	1012	18
5703	101	1015	20
5704	101	1016	19
5705	101	1006	23
5706	101	1007	24
5707	101	1008	25
5708	101	1003	26
5709	123	1003	25
5710	123	1008	26
5711	123	1006	23
5712	123	1007	24
5713	123	1013	21
5714	123	1014	22
5717	123	1015	19
5718	123	1016	20
5719	123	1011	17
5720	123	1012	18
5721	123	1010	11
5722	123	1009	12
5723	103	1003	17
5724	103	1006	19
5725	103	1013	20
5726	103	1015	21
5727	103	1011	22
5728	103	1009	25
5729	102	1008	19
5730	102	1003	20
5731	10	1008	33
5732	10	1003	34
5733	10	1007	35
5734	10	1006	36
5735	10	1013	37
5736	10	1014	38
5737	10	1011	41
5738	10	1012	42
5739	10	1009	47
5740	10	1010	48
5741	10	976	27
5742	10	977	28
5743	10	1015	39
5744	10	1016	40
5745	121	863	1
5746	121	457	2
5747	121	456	3
5748	121	460	4
5749	121	453	5
5750	121	454	6
5751	121	130	7
5752	121	129	8
5753	121	132	9
5754	121	133	10
5755	121	134	11
5756	121	135	12
5757	121	1009	13
5758	121	1010	14
5759	121	743	15
5760	121	744	16
5761	121	1011	19
5762	121	1012	20
5763	121	1015	21
5764	121	1016	22
5765	121	1013	23
5766	121	1014	24
5767	121	1006	25
5768	121	1007	26
5769	121	1003	27
5770	121	1008	28
5771	121	737	31
5772	121	738	32
5773	121	976	33
5774	121	977	34
5775	121	588	35
5776	42	399	37
5777	44	399	35
5778	59	399	33
5783	3	70	12
5784	7	70	12
5785	17	70	5
5787	47	70	22
5788	48	70	23
5789	51	70	64
5791	22	391	19
5792	61	391	15
5793	74	391	21
5794	111	165	19
5795	112	692	27
5796	67	295	11
5797	67	296	12
5798	67	789	9
5799	67	790	10
5800	67	998	8
5802	67	997	7
5803	67	994	4
5804	67	995	5
5805	67	993	2
5806	67	992	3
5807	67	859	1
5808	67	996	6
5809	67	288	16
5811	126	494	2
5812	126	495	3
5813	126	209	4
5814	126	208	5
5816	126	215	7
5817	126	763	8
5818	126	764	9
5819	126	765	10
5820	126	767	11
5821	126	766	12
5822	126	768	13
5823	126	769	14
5824	126	770	15
5825	126	771	16
5826	126	772	17
5827	126	773	18
5828	126	774	19
5831	126	776	22
5832	126	777	23
5833	126	778	24
5834	126	779	25
5835	126	781	26
5836	126	780	27
5837	126	896	28
5838	126	897	29
5839	126	875	30
5840	126	876	31
5841	126	877	32
5842	126	712	33
5844	126	879	34
5845	126	880	35
5846	126	881	36
5847	126	884	37
5848	126	885	38
5849	126	1018	39
5850	126	1019	40
5851	126	1020	41
5852	126	1021	42
5853	126	1023	43
5854	126	1022	44
5855	126	1024	45
5856	126	1025	46
5857	126	1027	47
5858	126	1026	48
5859	126	1029	49
5860	126	1028	50
5861	126	1031	51
5862	126	1030	52
5863	126	1032	53
5864	63	812	6
5867	84	1034	1
5869	52	1033	57
5870	52	1034	60
5871	84	1038	11
5872	84	1037	10
5873	84	1039	8
5874	84	1040	9
5875	84	1041	5
5876	84	1042	6
5877	84	1033	4
5878	84	1035	3
5879	84	1036	2
5880	52	1036	59
5881	52	1035	58
5882	52	1042	56
5883	52	1041	55
5884	52	1037	51
5885	52	1038	50
5886	52	1039	52
5887	52	1040	53
5891	55	691	1
5895	55	973	5
5896	55	320	6
5897	55	317	7
5898	55	315	8
5899	55	313	9
5900	55	312	10
5901	55	583	11
5902	55	387	12
5903	55	192	26
5904	55	577	27
5905	55	415	28
5906	55	417	29
5907	55	113	30
5908	55	114	31
5909	55	119	32
5910	55	121	33
5912	55	691	35
5916	17	1043	70
5917	17	775	71
5918	88	1043	10
5919	88	775	9
5920	120	1043	9
5921	120	775	10
5922	110	1043	21
5923	110	775	20
5924	126	775	20
5925	126	1043	21
5926	126	390	1
5927	31	680	10
5928	36	1044	64
5929	36	1044	2
5930	127	555	1
5931	127	1044	2
5932	127	556	3
5933	127	560	4
5934	127	561	5
5935	127	564	6
5936	127	565	7
5937	127	566	8
5938	127	550	9
5939	127	223	12
5940	127	219	13
5941	127	217	14
5942	127	101	15
5946	127	502	19
5947	127	188	20
5948	127	190	21
5949	127	194	22
5950	127	196	23
5951	127	203	24
5952	127	388	25
5953	127	494	26
5954	127	209	27
5955	127	205	28
5956	127	206	29
5957	127	136	30
5958	127	135	31
5959	127	132	32
5960	127	130	33
5961	127	127	34
5962	127	406	35
5963	127	64	36
5964	127	66	37
5965	127	503	38
5966	127	504	39
5967	127	505	40
5968	127	183	41
5969	127	184	42
5970	127	497	43
5974	127	100	47
5975	127	218	49
5976	127	220	50
5977	127	221	51
5978	127	550	53
5979	127	566	54
5980	127	563	55
5981	127	562	56
5982	127	559	57
5983	127	558	58
5984	127	557	59
5985	127	1044	60
5986	127	555	61
5987	128	550	1
5989	128	219	4
5990	128	217	5
5991	128	96	7
5992	128	95	8
5993	128	502	9
5994	128	186	10
5995	128	185	11
5996	128	182	12
5997	128	180	13
5998	128	179	14
5999	128	84	15
6000	128	67	16
6001	128	846	17
6002	128	37	18
6003	128	126	19
6004	128	129	20
6005	128	133	21
6006	128	134	22
6007	128	137	23
6008	128	138	24
6009	128	207	25
6010	128	204	26
6011	128	208	27
6012	128	495	28
6013	128	389	29
6014	128	202	30
6015	128	197	31
6016	128	195	32
6017	128	191	33
6019	128	497	36
6020	128	94	37
6021	128	97	38
6022	128	100	39
6023	128	218	41
6024	128	220	42
6025	128	221	43
6026	128	550	45
6027	128	187	35
6028	128	101	6
6029	128	189	34
6031	129	1052	2
6032	129	1051	3
6033	129	1049	4
6034	129	1048	5
6035	129	1047	6
6036	129	1046	7
6037	129	1045	8
6038	129	470	9
6039	129	934	10
6040	129	474	11
6041	129	161	12
6042	129	159	13
6043	129	160	14
6044	129	157	15
6045	129	158	16
6046	129	155	17
6047	129	156	18
6048	129	154	19
6049	129	152	20
6050	129	153	21
6051	129	151	22
6052	129	150	23
6053	129	149	24
6054	129	148	25
6055	129	143	26
6056	129	142	27
6057	129	141	28
6058	129	139	29
6059	129	140	30
6060	129	138	31
6061	129	137	32
6062	129	136	33
6063	129	135	34
6064	129	134	35
6065	129	133	36
6066	129	132	37
6067	129	130	38
6068	129	129	39
6069	129	453	40
6070	129	460	41
6071	129	456	42
6072	129	457	43
6073	129	863	44
6075	119	1041	3
6076	119	1042	4
6077	119	677	5
6078	119	1039	6
6079	119	1040	7
6080	119	1037	9
6082	119	678	10
6083	119	679	11
6084	119	688	12
6085	119	689	13
6086	119	687	14
6087	119	686	15
6088	119	684	16
6089	119	685	17
6090	119	682	18
6091	119	683	19
6092	119	681	20
6093	119	680	21
6095	119	288	22
6096	119	287	23
6097	119	848	24
6098	119	849	25
6099	119	851	26
6100	119	850	27
6101	119	846	28
6102	119	64	29
6103	119	37	30
6104	119	38	31
6105	119	126	32
6106	119	127	33
6107	119	129	34
6108	119	130	35
6110	119	133	36
6111	119	1054	37
6112	81	960	26
6113	81	1041	2
6114	81	1042	3
6115	81	1039	5
6116	81	1040	6
6117	119	1038	8
6119	129	1053	1
6120	122	474	16
6121	130	966	1
6122	130	965	2
6123	130	963	3
6124	130	964	4
6125	130	962	5
6126	130	961	6
6127	130	975	7
6128	130	974	8
6129	130	637	9
6130	130	639	10
6131	130	642	12
6132	130	641	11
6133	130	640	13
6134	130	473	14
6135	130	470	15
6136	130	474	16
6137	130	161	17
6138	130	159	18
6139	130	160	19
6140	130	157	20
6141	130	158	21
6142	130	155	22
6143	130	156	23
6144	130	154	24
6145	130	152	25
6146	130	153	26
6147	130	151	27
6148	130	150	28
6149	130	149	29
6150	130	148	30
6151	130	143	31
6152	130	142	32
6153	130	141	33
6154	130	139	34
6155	130	140	35
6156	130	138	36
6157	130	137	37
6158	130	136	38
6159	130	135	39
6160	130	134	40
6161	130	133	41
6162	130	132	42
6163	130	129	43
6164	130	130	44
6165	130	127	45
6166	130	126	46
6167	130	37	47
6168	130	407	48
6169	64	1055	3
6170	63	1055	5
6175	131	994	17
6176	131	995	18
6177	131	993	19
6178	131	992	20
6179	131	991	21
6180	131	990	22
6181	131	988	23
6182	131	989	24
6183	131	987	25
6184	131	1001	26
6185	131	1000	27
6187	131	853	29
6188	131	854	30
6189	131	818	31
6190	131	817	32
6191	131	46	33
6193	131	50	34
6194	131	661	35
6195	131	662	36
6196	131	663	37
6197	131	664	38
6198	131	666	39
6199	131	665	40
6200	131	667	42
6201	131	668	43
6202	131	25	44
6203	131	26	45
6204	131	27	46
6205	131	28	47
6206	131	485	48
6207	131	486	49
6208	131	487	50
6209	131	488	51
6210	131	855	28
6211	117	910	40
6212	117	909	39
6213	117	1056	38
6214	117	911	41
6215	117	912	42
6216	111	911	27
6217	111	912	28
6218	111	910	25
6219	111	909	22
6220	111	1056	21
6221	29	498	33
6222	29	499	8
6223	29	502	9
6224	30	499	8
6225	30	498	36
6226	34	498	31
6227	34	499	32
6228	36	499	18
6229	36	498	46
6230	36	502	19
6231	40	500	9
6232	40	501	38
6233	40	499	10
6234	40	498	37
6235	41	500	9
6236	41	501	36
6237	41	499	10
6238	41	498	35
6247	127	500	17
6248	127	501	45
6249	127	499	18
6250	127	498	44
6251	29	500	7
6252	29	501	34
6253	30	502	9
6254	30	500	7
6255	30	501	37
6256	34	500	29
6257	34	501	30
6258	36	500	17
6259	36	501	47
6260	20	1057	2
6261	106	94	28
6262	106	95	10
6263	106	502	11
6264	106	497	27
6267	106	185	13
6268	106	182	14
6270	106	180	15
6271	106	179	16
6272	106	186	12
6273	106	84	17
6274	106	67	18
6275	106	846	19
6276	106	391	20
6277	106	399	21
6278	106	844	22
6279	106	758	24
6280	106	189	25
6281	106	187	26
6282	62	906	31
6283	10	1060	43
6284	10	1061	44
6285	10	1058	31
6286	10	1059	32
6287	101	1058	27
6288	101	1059	28
6289	101	1060	15
6290	101	1061	16
6291	121	1060	18
6292	121	1061	17
6293	121	1058	29
6294	121	1059	30
6295	123	1060	15
6296	123	1061	16
6297	123	1058	27
6298	123	1059	28
6299	20	604	1
6300	108	52	2
6301	108	866	15
6302	108	821	17
6303	71	394	53
6304	57	394	34
6305	58	394	31
6306	25	1062	15
6308	34	1062	14
6310	34	346	13
6311	42	1062	15
6313	43	1062	11
6315	44	1062	11
6317	82	1062	19
6319	83	1062	19
6321	25	1063	17
6323	42	1063	17
6324	43	1063	45
6325	44	1063	44
6326	72	1063	40
6327	73	1063	41
6328	82	1063	21
6329	83	1063	21
6330	73	1062	7
6331	72	1062	7
6332	34	521	4
6333	34	522	5
6334	42	521	5
6335	42	522	6
6336	25	521	5
6337	25	522	6
6338	109	935	7
6339	109	944	2
6340	109	945	4
6341	109	841	3
6342	109	842	5
6343	33	1065	26
6344	22	1064	22
6345	79	1064	16
6346	106	1064	23
6347	107	680	11
6348	39	1067	26
6349	39	1066	27
6350	119	845	2
6351	81	845	1
6352	81	287	20
6353	81	848	21
6354	81	849	22
6355	81	850	23
6356	81	851	24
6357	95	126	33
6358	95	958	37
6359	95	456	35
6361	11	111	50
6362	11	110	49
6363	15	110	9
6364	15	111	10
6365	15	1068	16
6366	23	1068	39
6367	22	1068	34
6368	22	784	37
6369	107	400	25
6370	34	1069	36
6374	22	1070	29
6375	82	1068	31
6376	25	1071	2
6377	25	573	3
6378	42	1071	2
6379	42	573	3
6380	82	1072	6
6381	82	1073	7
6382	83	1072	7
6383	83	1073	8
6384	52	288	35
6385	30	104	6
6386	30	1074	39
6387	29	1074	36
6388	29	104	6
6389	36	1074	48
6390	36	104	16
6395	127	104	16
6396	127	1074	46
6397	41	104	8
6398	41	1074	37
6399	40	104	8
6400	40	1074	39
6401	17	403	2
6402	20	1075	5
6403	2	1075	9
6404	16	330	24
6405	16	331	25
6406	16	328	26
6407	16	329	27
6408	16	326	30
6409	16	327	31
6410	19	326	36
6411	19	327	37
6412	19	328	40
6413	19	329	41
6414	19	330	44
6415	19	331	45
6416	54	327	37
6417	54	328	39
6418	54	331	41
6419	112	326	31
6420	112	327	32
6421	112	328	35
6422	112	329	36
6423	112	331	39
6424	112	330	40
6425	114	327	33
6426	114	328	35
6427	114	331	37
6428	55	330	2
6429	55	329	3
6430	55	326	4
6431	115	330	27
6432	115	329	28
6433	115	326	29
6434	34	104	28
6435	55	1063	34
6436	18	1076	36
6437	36	1076	50
6438	40	1076	41
6439	41	1076	39
6440	61	1076	32
6441	62	1076	11
6442	66	1076	10
6445	38	1076	35
6446	127	1076	48
6447	128	1076	40
6448	68	1077	13
6449	126	1078	6
6450	110	1078	6
6451	35	1079	56
6452	35	1080	6
6454	36	1080	10
6455	35	550	57
6456	37	1079	52
6457	37	1080	6
6458	37	550	53
6459	38	1079	39
6460	38	1080	2
6461	38	222	3
6462	38	221	38
6463	36	1079	55
6465	127	1080	10
6466	127	1079	52
6467	127	222	11
6468	128	1080	2
6469	128	1079	44
6470	128	222	3
6471	4	1081	8
6472	77	1063	39
6473	78	1063	39
6474	92	850	21
6475	92	851	22
6476	92	848	19
6477	92	849	20
6478	92	288	17
6479	92	287	18
6480	17	306	21
6481	34	670	61
6482	33	670	9
6483	33	538	7
6484	33	537	6
6485	33	534	5
6486	33	533	4
6487	33	532	3
6488	33	529	2
6490	33	540	57
6491	33	539	58
6492	33	536	59
6493	33	535	60
6494	33	531	61
6495	33	530	62
6497	33	307	56
6498	33	669	8
6500	66	228	1
6501	62	1082	2
6502	62	229	3
6503	62	230	1
6508	68	820	14
6509	134	269	1
6510	134	270	2
6511	134	267	3
6512	134	268	4
6513	134	49	5
6514	134	47	6
6515	134	50	7
6516	134	661	8
6517	134	662	9
6518	134	664	10
6519	134	663	11
6520	134	665	12
6521	134	666	13
6522	134	667	15
6524	134	25	17
6525	134	26	18
6526	134	28	19
6527	134	27	20
6528	134	29	21
6529	134	30	22
6530	134	34	23
6531	134	33	24
6532	134	35	25
6533	134	37	26
6534	134	391	27
6535	134	393	28
6536	134	399	29
6537	134	477	30
6538	134	475	31
6539	134	202	32
6540	134	311	33
6541	134	310	34
6542	134	313	35
6543	134	314	36
6544	134	316	37
6545	134	315	38
6546	134	900	39
6547	134	317	40
6548	134	318	41
6549	134	319	42
6550	134	320	43
6551	134	973	44
6552	134	323	45
6553	134	692	46
6554	134	324	47
6555	134	326	48
6556	134	327	49
6557	134	328	50
6558	134	329	51
6559	134	330	52
6560	134	331	53
6561	134	354	54
6562	134	353	55
6563	134	951	56
6564	134	952	57
6565	134	955	58
6566	134	953	59
6567	134	954	60
6568	134	950	61
6569	134	949	62
6570	134	948	63
6571	134	947	64
6572	134	956	65
6573	134	668	16
6574	61	52	4
6575	61	53	5
6576	61	54	6
6577	61	55	7
6578	61	56	8
6579	61	57	9
6580	61	58	10
6581	61	59	11
6582	61	60	13
6584	61	37	14
6585	61	38	12
6586	135	693	1
6587	135	694	2
6588	135	1085	3
6589	135	1086	4
6590	135	1088	5
6591	135	1087	6
6592	135	1083	7
6593	135	1084	8
6594	135	1089	9
6595	135	695	10
6596	135	712	11
6597	135	713	12
6598	135	714	13
6599	135	717	14
6600	135	718	15
6601	135	716	16
6602	135	715	17
6603	135	448	18
6604	135	447	19
6605	135	446	20
6606	135	445	21
6607	135	443	22
6608	135	450	23
6609	135	442	24
6610	135	441	25
6611	135	440	26
6612	135	439	27
6613	135	438	28
6614	135	437	29
6615	135	435	30
6616	135	436	31
6617	135	434	32
6618	135	433	33
6619	135	432	34
6620	135	431	35
6621	135	430	36
6622	135	429	37
6623	135	427	38
6624	135	428	39
6625	135	370	40
6626	135	372	41
6627	135	373	42
6628	135	374	43
6629	135	375	44
6630	135	376	45
6631	135	378	46
6632	135	377	47
6633	135	379	48
6634	135	380	49
6635	135	381	50
6636	135	382	51
6637	135	383	52
6638	135	384	53
6639	135	385	54
6640	135	386	55
6641	135	387	56
6642	135	203	57
6643	135	202	58
6644	135	476	59
6645	135	394	60
6646	137	256	1
6647	137	257	2
6648	137	589	3
6649	137	590	4
6650	137	591	5
6651	137	593	6
6652	137	595	7
6653	137	596	8
6654	137	597	9
6655	137	598	10
6656	137	600	11
6657	137	539	12
6658	137	536	13
6659	137	537	14
6660	137	1113	15
6661	137	1114	16
6662	137	534	17
6663	137	535	18
6664	137	533	19
6665	137	531	20
6666	137	532	21
6667	137	529	22
6668	137	530	23
6669	137	1092	24
6670	137	1110	25
6671	137	1109	26
6672	137	1090	27
6673	137	1111	28
6674	137	1112	29
6675	137	1093	30
6676	137	1094	31
6677	137	1095	32
6678	137	1096	33
6679	137	1097	34
6680	137	1098	35
6681	137	1099	36
6682	137	1100	37
6683	137	1101	38
6684	137	1102	39
6685	137	1104	40
6686	137	1103	41
6687	137	1105	42
6688	137	1106	43
6689	137	1107	44
6690	137	1108	45
6691	137	254	46
6692	137	255	47
6693	137	253	48
6694	137	252	49
6695	137	250	50
6696	137	251	51
6697	137	249	52
6698	137	248	53
6699	137	243	56
6700	137	244	57
6701	137	241	58
6702	137	242	59
6703	137	240	60
6704	137	239	61
6705	137	237	62
6706	137	238	63
6707	137	234	64
6708	137	235	65
6709	137	232	66
6710	137	231	67
6711	137	229	68
6712	137	1082	69
6713	137	227	70
6714	137	226	71
6715	137	223	72
6716	137	221	73
6717	137	219	74
6718	137	220	75
6719	137	218	76
6720	137	217	77
6721	137	1076	78
6722	137	100	79
6723	137	101	80
6724	137	110	81
6725	137	111	82
6726	137	112	83
6727	137	113	84
6728	137	414	85
6729	137	415	86
6730	137	416	87
6731	137	1115	88
6732	137	246	54
6733	137	247	55
6734	92	846	23
6736	92	393	25
6737	92	64	24
6738	92	1116	26
6739	138	430	1
6740	138	431	2
6741	138	429	3
6742	138	427	4
6743	138	428	5
6744	138	370	6
6745	138	373	7
6746	138	372	8
6747	138	374	9
6748	138	375	10
6749	138	376	11
6750	138	377	12
6751	138	378	13
6752	138	380	14
6753	138	379	15
6754	138	381	16
6755	138	382	17
6756	138	383	18
6757	138	384	19
6758	138	385	20
6759	138	386	21
6760	138	387	22
6762	138	202	25
6763	138	476	26
6764	138	394	27
6765	138	199	24
6766	138	203	23
6768	56	438	2
6769	56	437	3
6770	56	435	4
6771	56	436	5
6772	56	434	6
6773	56	432	7
6774	56	433	8
6775	56	430	9
6776	56	431	10
6777	56	429	11
6778	56	427	12
6779	56	428	13
6780	56	370	14
6781	56	372	15
6782	56	373	16
6783	56	374	17
6784	56	375	18
6785	56	376	19
6786	56	377	20
6787	56	378	21
6788	56	379	22
6789	56	380	23
6790	56	381	24
6791	56	382	25
6792	56	383	26
6793	56	384	27
6794	56	385	28
6795	56	386	29
6796	56	387	30
6797	56	388	31
6798	56	494	32
6799	56	209	33
6800	56	205	34
6801	56	206	35
6802	56	136	36
6803	56	135	37
6804	56	132	38
6805	56	130	39
6807	56	38	46
6808	56	127	45
6809	56	391	44
6810	56	399	43
6811	56	476	42
6812	56	199	41
6813	56	203	40
6814	61	188	23
6815	61	843	22
6816	61	401	21
6817	61	65	20
6818	56	439	1
6819	33	1125	1
6820	33	1125	63
6821	34	1125	73
6822	131	996	16
6823	131	997	15
6824	131	998	14
6825	131	790	12
6826	131	298	11
6827	131	299	9
6828	131	300	10
6829	131	302	8
6830	131	303	7
6831	131	304	5
6832	131	305	6
6833	131	306	4
6834	131	307	3
6835	131	308	2
6836	131	858	1
6837	131	789	13
6838	32	858	57
6839	139	1137	1
6840	139	1136	2
6841	139	1135	3
6842	139	1133	4
6843	139	1134	5
6844	139	1131	6
6845	139	1132	7
6846	139	1129	8
6847	139	1130	9
6848	139	1127	10
6849	139	1128	11
6850	139	1091	12
6851	139	1126	13
6852	139	528	14
6853	139	1124	15
6854	139	1123	16
6855	139	1121	17
6856	139	1122	18
6857	139	1119	19
6858	139	1120	20
6859	139	1118	21
6860	139	1117	22
6861	139	672	23
6862	139	671	24
6863	139	309	25
6864	139	308	26
6865	139	307	27
6866	139	306	28
6867	139	304	29
6868	139	305	30
6869	139	302	31
6870	139	303	32
6871	139	299	33
6872	139	300	34
6873	139	298	35
6874	139	297	36
6875	139	295	37
6876	139	296	38
6877	139	293	39
6878	139	294	40
6879	139	288	41
6880	139	290	42
6881	139	292	43
6882	139	69	44
6883	139	68	45
6884	139	83	46
6886	139	960	49
6887	139	67	47
6888	49	1138	19
6889	50	1138	36
6890	120	1138	43
6891	131	1138	41
6892	134	1138	14
\.


--
-- TOC entry 4902 (class 0 OID 16438)
-- Dependencies: 220
-- Data for Name: bus_stops; Type: TABLE DATA; Schema: public; Owner: postgres
--

COPY public.bus_stops (id, name, lat, lon, zone) FROM stdin;
2	Commune	-18.936459762724823	47.47712194919587	Ampitatafika
3	Commune	-18.93680480052929	47.478039264678955	Ampitatafika
4	Lasantsy	-18.93592698236181	47.480957508087165	Ampitatafika
5	Lasantsy	-18.935985334579676	47.480852901935584	Ampitatafika
6	Antanimenakely	-18.937855131810604	47.485342919826515	Anosizato Andrefana
7	Antanimenakely	-18.938066721716446	47.48587454858353	Anosizato Andrefana
8	Antanimenakely	-18.93722874334915	47.485632598400116	Anosizato Andrefana
9	Coca	-18.93957776229	47.489647865295	Anosizato Andrefana
10	Coca	-18.939494041337493	47.48963713645936	Anosizato Andrefana
11	Anosizato Andrefana	-18.93835492481071	47.495457530021675	Anosizato Andrefana
12	Anosizato Andrefana	-18.938278814298105	47.49612271785737	Anosizato Andrefana
13	Anosizato Atsinanana	-18.939609551517087	47.50096375935456	Anosizato Atsinanana
14	Anosizato Atsinanana	-18.938920678533655	47.500593960285194	Anosizato Atsinanana
15	Anosizato Atsinanana	-18.93697985620161	47.50176876783372	Anosizato Atsinanana
16	Anosizato Atsinanana	-18.936355743835083	47.502168416976936	Anosizato Atsinanana
17	Parking	-18.935137956892216	47.50375896692276	Anosizato Atsinanana
18	Parking	-18.935257198922542	47.50338077545167	Anosizato Atsinanana
19	Rasalama	-18.93437683554369	47.504552900791175	Anosizato Atsinanana
20	Rasalama	-18.934115516414174	47.504665553569794	Anosizato Atsinanana
21	THB	-18.933032179351425	47.50606298446656	Anosibe
22	THB	-18.932496850949036	47.50631511211395	Anosibe
23	Vavahady manga	-18.930761461773614	47.508157789707184	Anosibe
24	Vavahady manga	-18.93105069455481	47.508171200752265	Anosibe
25	Pharmacie Volahanta	-18.929145300963874	47.51017481088639	Anosibe
26	Pharmacie Volahanta	-18.9285871256234	47.510445713996894	Anosibe
27	Akoho	-18.927217050972555	47.51190483570099	Anosibe
28	Akoho	-18.927800602660312	47.51160442829133	Anosibe
29	Tsena	-18.92512132245709	47.51448243856431	Anosibe
30	Tsena	-18.92413369771463	47.515240476932384	Anosibe
31	Barrière	-18.92385270889033	47.51550972461701	Anosibe
32	Barrière	-18.924103895141183	47.515533864498146	Anosibe
33	Solimotel	-18.92126217007751	47.5185513496399	Anosy
34	Solimotel	-18.920300539672787	47.51929163932801	Anosy
35	Anosy	-18.919388768625	47.520535289765	Anosy
36	Anosy (Voninkazo)	-18.91878069564109	47.520922422409065	Anosy
37	Anosy 	-18.917989051874255	47.52204358577729	Anosy
38	Anosy 	-18.91814382867476	47.522094547748566	Anosy
39	Silvera	-18.941655550665292	47.50144422054291	Anosizato Atsinanana
40	Silvera	-18.941376484132814	47.50157833099365	Anosizato Atsinanana
41	Arret vaovao	-18.945506621174818	47.50900536775589	Fasan-karana
42	Arret vaovao	-18.945785680802913	47.50958740711213	Fasan-karana
43	Stantionnement	-18.946465569580102	47.51469433307648	Fasan-karana
44	Stantionnement	-18.9461966586784	47.51645117998124	Fasan-karana
45	Ankadimbahoaka	-18.943588707836483	47.52225279808045	Ankadimbahoaka
46	Ankadimbahoaka	-18.94299506352778	47.52359926700592	Ankadimbahoaka
47	Ankadimbahoaka	-18.94360139252091	47.524666786193855	Ankadimbahoaka
48	Ankadimbahoaka	-18.944309196383752	47.52430200576782	Ankadimbahoaka
49	Ankadimbahoaka	-18.943530358275765	47.5246399641037	Ankadimbahoaka
50	Sampanan'ny Fasan-karana	-18.9414399083857	47.52261757850648	Soanierana
51	Gara	-18.94020693659106	47.52245932817459	Soanierana
52	Descourt	-18.935482997427574	47.522424459457405	Soanierana
53	Descourt	-18.93524197654044	47.521947026252754	Soanierana
54	Paraky	-18.93166467827258	47.52000242471695	Andrefan'Ambohijanahary
55	Paraky	-18.931558119276776	47.52012580633164	Andrefan'Ambohijanahary
56	Jirama	-18.92881039598338	47.51927018165589	Andrefan'Ambohijanahary
57	Jirama	-18.92770418991331	47.519227266311646	Andrefan'Ambohijanahary
58	Toby	-18.92335540974472	47.52079904079437	Andrefan'Ambohijanahary
59	Toby	-18.92285303461553	47.52072393894196	Andrefan'Ambohijanahary
60	Firaisana	-18.92074202766953	47.52147227525712	Anosy
61	Firaisana	-18.921033815073326	47.52155810594559	Anosy
62	Trondro	-18.920452777044748	47.52164661884308	Anosy
63	Ambohijatovo	-18.911234554232557	47.52877056598664	Ambohijatovo
64	Ambohijatovo	-18.91169636554052	47.52839773893356	Ambohijatovo
65	Adventiste	-18.91005464592374	47.52858012914658	Ambohijatovo
66	Mascotte	-18.91365651198045	47.533507347106934	Antsahabe
67	Mascotte	-18.91394450567035	47.5336615741253	Antsahabe
68	Fisa	-18.913552478895628	47.53517702221872	Antsahabe
69	Fokontany	-18.914106898369294	47.53688961267472	Antsakaviro
70	Gazety (Akorahotra)	-18.913854428402	47.537562847137	Antsakaviro
71	Shoprite	-18.915293121503748	47.53904610872269	Ampasanimalo
72	Buffare	-18.91642985791582	47.54072785377503	Ampasanimalo
73	Buffare	-18.916523739818633	47.541187852621086	Ampasanimalo
74	Sampanana	-18.91724307643259	47.542868256568916	Ampasanimalo
75	Sampanana	-18.91730524117987	47.542732805013664	Ampasanimalo
76	Tamboho	-18.91758561658953	47.54372924566269	Ampasanimalo
77	Pavé	-18.9173648685688	47.54579722881318	Tsiadana
78	Pavé	-18.917227852409336	47.545944750309	Tsiadana
79	Akondro	-18.91686501277797	47.54726707935334	Tsiadana
80	Akondro	-18.917027402640404	47.54723757505417	Tsiadana
81	Ankatso	-18.914977219052655	47.549428939819336	Ankatso-Mausolé
82	Mausolée	-18.912688494312405	47.547873258590705	Ankatso-Mausolé
83	Scav	-18.91197548164682	47.536567747592926	Antsakaviro
84	Fivondronana	-18.91071438062775	47.53644436597825	Antsakaviro
85	SECMO (Ampahibe)	-18.909262960844	47.538383603096	Betongolo
86	Chapelle	-18.906253508364276	47.538120746612556	Betongolo
87	Chapelle	-18.90612409561854	47.538877129554756	Betongolo
88	Sampanana	-18.906852358197938	47.541535198688514	Betongolo
89	Sampanana	-18.90679907079964	47.54170149564744	Betongolo
90	Garage/Piscine	-18.90638038350802	47.542964816093445	Betongolo
91	Garage	-18.905974382709342	47.5429192185402	Betongolo
92	Ambohitrakely	-18.902805005108206	47.54251420497895	Ambohitrakely
93	Ambohitrakely	-18.902886206885015	47.54258126020432	Ambohitrakely
94	Avaradoha	-18.901769678999575	47.54257053136826	Avaradoha
95	Avaradoha	-18.90160981189715	47.54234790802003	Avaradoha
96	Centre	-18.89884383308714	47.5452607870102	Avaradoha
97	23 Vingt Trois	-18.897602934160428	47.54557728767395	Ampasampito
98	Météo	-18.897103019314024	47.54598498344422	Ampasampito
99	Météo	-18.897130933380343	47.54618346691132	Ampasampito
100	Météo	-18.89576479499332	47.54638642028682	Ampasampito
101	Météo	-18.896339187147372	47.54586964845658	Ampasampito
102	Météo	-18.89631634825815	47.545252740383155	Ampasampito
103	Météo	-18.896260079186437	47.5449813900587	Ampasampito
104	23 Ambony	-18.896298584675	47.544834315777	Ampasampito
105	Gendarme	-18.906639208502863	47.547532618045814	Fort Duschesne
106	Gendarme	-18.906319483451036	47.54759430885316	Fort Duschesne
107	Sampanana/Plaque	-18.904340219530326	47.547916173934944	Ampandrianomby
108	Tsenakely	-18.902924270204334	47.54760771989823	Ampandrianomby
109	Vavahady	-18.903304902921224	47.54751920700074	Ampandrianomby
110	GAMO	-18.894699854517	47.542905807495	Ampasampito
111	GAMO	-18.894770909515	47.542779743671	Ampasampito
112	Fiangonana	-18.895057666878508	47.53795176744462	Anjanahary
113	Débarras	-18.894925707798645	47.53745824098587	Anjanahary
114	Ambatomainty	-18.89211901504212	47.5370478630066	Ambatomainty
115	Ambatomainty	-18.891195283084034	47.53759771585465	Ambatomainty
116	Garage	-18.88917523609919	47.53873229026795	Ambatomainty
117	Primus 154	-18.886703436912605	47.539239227771766	Amboditsiry
118	Amboditsiry	-18.886348144502886	47.53948062658311	Amboditsiry
119	Amboditsiry(Lewis)	-18.884898217210587	47.54023514847631	Amboditsiry
120	Andranobevava	-18.882056660223952	47.54200994968415	Andranobevava
121	Andranobevava	-18.881950069623127	47.54216283559799	Andranobevava
122	Andranobevava	-18.880521241449973	47.5428467988968	Andranobevava
123	Andranobevava	-18.880955220744955	47.54270195960999	Andranobevava
124	Dispensaire	-18.877143270614997	47.546030580997474	Analamahitsy
125	Dispensaire	-18.87684379282934	47.54651606082917	Analamahitsy
126	Tribonaly	-18.91619007822207	47.519551813602455	Anosy
127	Radio	-18.91555066402424	47.51874715089799	Anosy
128	Carlton	-18.9144189963948	47.518712282180786	Anosy
129	Fiaro	-18.91245759018771	47.517993450164795	Ampefiloha
130	Fiaro	-18.912901636298386	47.51767963171006	Ampefiloha
131	Barrière	-18.915091400730358	47.51468360424042	Ampefiloha
132	Vavahady	-18.915633956371067	47.51422986365623	Ampefiloha
133	Garage	-18.916375304894014	47.51311182975769	Ampefiloha
134	Andavamamba	-18.916329632583	47.509812712669	Andavamamba
135	Andavamamba	-18.916466649479	47.509834170341	Andavamamba
136	CENAM/Jirama	-18.915862759354866	47.50824362039567	Andavamamba
137	Fokontany / CENAM	-18.913467476205103	47.50890076160431	Andavamamba
138	Fokontany / Anatihazo	-18.91255654913733	47.50898391008378	Anatihazo Isotry
139	Garage	-18.910567209265444	47.50821679830552	67 Ha
140	Garage	-18.910744829858952	47.50852525234223	67 Ha
141	Arrêt 30	-18.910374363836063	47.505861818790436	67 Ha
142	FDC	-18.910057183369883	47.50159442424774	Andohatapenaka
143	Akany Faly	-18.910142575250624	47.50079423139338	Andohatapenaka
144	Ampasika	-18.908423060075886	47.49904900789261	Ampasika
145	Ampasika	-18.907562855219982	47.4993360042572	Ampasika
146	Camion	-18.911138131930404	47.49838650226594	Ampasika
147	Camion	-18.911835923651893	47.498319447040565	Ampasika
148	Ampasika	-18.910389588483305	47.496329247951515	Ampasika
149	Shell	-18.911432473520698	47.49560773372651	Ampasika
150	Fokontany	-18.913267021928004	47.49268412590027	Anosimasina Itaosy
151	Tsangambato	-18.913221348767955	47.491351068019874	Anosimasina Itaosy
152	Trano fotsy	-18.912735823707372	47.489351927751386	Bemasoandro Itaosy
153	Antanikatsaka	-18.912853425634847	47.48976856470109	Bemasoandro Itaosy
154	Gendarmerie	-18.912853425634847	47.487815916538246	Bemasoandro Itaosy
155	Dokotera	-18.912944772143444	47.48562304940309	Bemasoandro Itaosy
156	Dokotera	-18.913401503937905	47.484581873710994	Bemasoandro Itaosy
157	Dalle	-18.914594075519897	47.48176753520966	Andranonahotra Itaosy
158	Dalle	-18.91453571583191	47.48208940029145	Andranonahotra Itaosy
159	Video	-18.915578575012482	47.47954666614533	Andranonahotra Itaosy
160	Video	-18.915900819721195	47.4789646267891	Andranonahotra Itaosy
161	Pharmacie	-18.91636008079174	47.47765570878983	Andranonahotra Itaosy
162	Ambohimamory	-18.932227917549678	47.48061954975129	Ambohimamory
163	Paompy	-18.92993689188545	47.48259365558624	Ambohimamory
164	Sinoa	-18.92850086199532	47.4838811159134	Ambohimamory
165	Sinoa	-18.928599811447295	47.48400449752808	Ambohimamory
166	Sinoa	-18.928368929301516	47.48397499322892	Ambohimamory
167	Lavage	-18.926836472686887	47.482454180717475	Ambohimamory
168	Lavage	-18.926945571884087	47.482464909553535	Ambohimamory
169	Ratsimamanga	-18.92562876518724	47.48118549585343	Avarabohitra
170	Ratsimamanga	-18.92544862319446	47.48109430074692	Avarabohitra
172	Sampanana	-18.921614851082072	47.47858643531799	Avarabohitra
173	Sampanana	-18.921531121126787	47.478626668453224	Avarabohitra
174	Piscine	-18.920632924422492	47.477990984916694	Avarabohitra
175	Piscine	-18.920691281982077	47.47791051864625	Avarabohitra
176	Beravina	-18.917869797520375	47.47721046209336	Andranonahotra Itaosy
177	Beravina	-18.91791293208373	47.47713804244996	Andranonahotra Itaosy
178	Stop	-18.90950655665212	47.536340754470515	Antsakaviro
179	Total	-18.907979002074338	47.53510424154874	Antsakaviro
180	Lasantsy	-18.90752479295602	47.53450590293476	Bel'Air
181	Bel'Air	-18.906819370762907	47.53373903669622	Bel'Air
182	Bel'Air	-18.906512333555437	47.533210231593834	Bel'Air
183	Bel'Air	-18.906489496054682	47.532982308333764	Bel'Air
184	Tranobe	-18.903652546712728	47.53377914498074	Ampandrana
185	Tranobe	-18.90421080530455	47.533768407821306	Ampandrana
186	Rasalama	-18.902282267726584	47.53271680709649	Ampandrana
187	Rasalama Ambony	-18.902041198966415	47.53154708721361	Ampandrana
188	Andravoahangy Ambony	-18.9010566197926	47.53145545721055	Andravoahangy Ambony
189	Andravoahangy Ambony	-18.901559060404104	47.53051400184632	Andravoahangy Ambony
190	Tetezana	-18.901916858102	47.52903342247	Behoririka
191	Tetezana	-18.901929545949272	47.52895295619965	Behoririka
192	Ambanin'ny tetezana	-18.901965071917346	47.52863645553589	Behoririka
193	Ambanin'ny tetezana	-18.901909245392705	47.52858012914658	Behoririka
194	Ankadifotsy	-18.899546751301013	47.52660870552064	Ankadifotsy
195	Pharmacie	-18.8993818068589	47.525905966758735	Ankadifotsy
196	Pharmacie	-18.898661124620332	47.52372264862061	Antanimena
197	Poste	-18.89780340720729	47.52176195383072	Antanimena
198	Antanimena	-18.89696852420199	47.52115577459336	Antanimena
199	Conquête	-18.896996438290728	47.52023577690125	Antanimena
200	CEG	-18.8977628050906	47.5197395682335	Antanimena
201	CEG	-18.898021643415696	47.51887053251267	Antanimena
202	Antanimena Ambany	-18.89859088410524	47.51915321219713	Antanimena
203	Bassin	-18.89611079811494	47.517462372779846	Antanimena
204	Tany malalaka	-18.905144615512345	47.51009166240693	67 Ha
205	Tany malalaka	-18.905720631709805	47.509190440177925	67 Ha
206	Poste	-18.908864579434347	47.50894635915757	67 Ha
207	Ambodinisotry	-18.90878845549017	47.5095283985138	67 Ha
208	Parking	-18.90233301900026	47.51197189092636	67 Ha
209	Parking	-18.901840730996074	47.51193970441819	67 Ha
210	Lavage	-18.901163198230197	47.50919848680496	67 Ha
211	Lavage	-18.90103124396413	47.5101238489151	67 Ha
212	Lavage	-18.900904364764006	47.50913947820664	67 Ha
213	B26	-18.900891236197666	47.50646755077433	67 Ha
214	B26	-18.900787568066445	47.50644029387159	67 Ha
215	Vatobe	-18.904703086335424	47.50575184822083	67 Ha
216	Vatobe	-18.90424886832252	47.506181001663215	67 Ha
217	Pain de Tana	-18.893789549851384	47.549854379026165	Ampasampito
218	Faran'ny Tamboho	-18.893981689808687	47.551572024822235	Nanisana
219	Vatosoa	-18.892377862094236	47.55473166704178	Ankadindramamy
220	Vatosoa	-18.89258341682111	47.55544513463974	Ankadindramamy
221	Total	-18.892403239234664	47.55930215120316	Ankadindramamy
222	Ravinala/Kiraro	-18.893692392907393	47.55968302488328	Ankadindramamy
223	Ravinala	-18.893692392907393	47.55968302488328	Mahazo
224	Mahazo	-18.893511335140477	47.56334871005649	Mahazo
225	Mahazo	-18.894484151659576	47.56199240684509	Mahazo
226	Mahazo	-18.894592831315354	47.56225213387175	Mahazo
227	Mahazo(Adventiste)	-18.894910481744	47.563062608242	Mahazo
228	Terminus 144	-18.89389706461	47.567677795451	Ambohimahitsy
229	Sary Masina	-18.89478756058263	47.56842291813392	Ambohimahitsy
230	135	-18.896087959194563	47.56914585828782	Ambohimahitsy
231	Carrière	-18.897300955320098	47.571012675762184	Ambohimahitsy
232	Carrière	-18.897364396298137	47.57085710763932	Ambohimahitsy
233	Garage	-18.898656049382296	47.57219552993775	Ambohimahitsy
234	Fasana	-18.9010160184652	47.572487890720375	Ambohimahitsy
235	Fasana	-18.901533684651824	47.573155760765076	Ambohimahitsy
236	Plaque	-18.902843068445986	47.57608741521836	Ambohimahitsy
237	Trano Tokana	-18.90329729027536	47.57733464241028	Ikianja
238	Trano Tokana	-18.903221163797813	47.577256858348846	Ikianja
239	Fanaka	-18.901939696226627	47.578858137130744	Ikianja
240	Fanaka	-18.902267042341492	47.57854700088501	Ikianja
241	Ikianja	-18.902145239210768	47.58071690797806	Ikianja
242	Ikianja	-18.902048811669403	47.58060961961747	Ikianja
243	Garage	-18.902011523039402	47.58238613520914	Ikianja
244	Garage	-18.90205388680454	47.583216726779945	Ikianja
245	Plaque Ambany	-18.90193208351867	47.585880160331726	Ikianja
246	Ambatomitsangana	-18.900257279346953	47.58794009685517	Ambohimangakely
247	Ambatomitsangana	-18.900361320700465	47.587838172912605	Ambohimangakely
248	Lasantsy	-18.900092335605162	47.593677341938026	Ambohimangakely
249	Lasantsy	-18.89997306849059	47.593918740749366	Ambohimangakely
250	Birao	-18.900181151486333	47.596681416034706	Ambohimangakely
251	Birao	-18.90013293715669	47.59580969810486	Ambohimangakely
252	Manambina	-18.9003689334799	47.59786427021027	Ambohimangakely
253	Manambina	-18.90037147107296	47.59761482477189	Ambohimangakely
254	Ankadilalana	-18.899064605551768	47.60033994913102	Ambohimangakely
255	Ankadilalana	-18.899374194034575	47.60023534297944	Ambohimangakely
256	Fasika	-18.947524719153588	47.52641960978509	Ankadimbahoaka
257	Fasika	-18.94748920286962	47.52643972635269	Ankadimbahoaka
258	Fasika	-18.94854707751617	47.52582281827927	Ankadimbahoaka
259	Fasika	-18.949773645599763	47.526142001152046	Ankadimbahoaka
260	Barrage	-18.952649132330116	47.5277714431286	Tanjombato
261	Barrage	-18.952835586971016	47.5280074775219	Tanjombato
262	35 Trent cinq	-18.95442615074337	47.52901330590249	Tanjombato
263	Tetezana	-18.95506414774014	47.52973347902299	Tanjombato
264	Andohavato	-18.95574019358509	47.52839371562005	Tanjombato
265	Andohavato	-18.955751608969834	47.5281509757042	Tanjombato
266	Tour	-18.955938060143	47.523441016674	Tanjombato
267	Ankaditoho	-18.938588330166354	47.52818108136752	Ankaditoho
268	Ankaditoho	-18.93817733356068	47.52815155417907	Ankaditoho
269	Tsimbazaza	-18.935807740809686	47.528275200061046	Tsimbazaza
270	Tsimbazaza	-18.936226354394037	47.528087299770874	Tsimbazaza
271	Tsimbazaza	-18.934942602743654	47.528417398755735	Tsimbazaza
272	Tsimbazaza	-18.935285798849844	47.528448238596184	Tsimbazaza
273	Maroroho	-18.93569495195788	47.5326302906323	Tsimbazaza
274	Maroroho	-18.935711973316963	47.53289648694381	Tsimbazaza
275	306 Trois cent six	-18.933468118950447	47.5350652632998	Manakambahiny
276	306 Trois cent six	-18.933381311953436	47.53510218427642	Manakambahiny
277	Cité	-18.93057371391077	47.53697617998228	Manakambahiny
278	Cité	-18.930992340612963	47.53659802180471	Manakambahiny
279	Totohabato	-18.928807858821855	47.5377971565104	Manakambahiny
280	Lasantsy/Shell	-18.92772150958473	47.53676310160226	Manakambahiny
281	Quartz	-18.925458331433262	47.537420242828695	Manakambahiny
282	Quartz	-18.925575483772967	47.53751014349905	Manakambahiny
283	Fokontany	-18.924242557605	47.537202026996	Manakambahiny
284	Fiangonana	-18.923307202095806	47.53707567557888	Manakambahiny
286	Tranon-jiro	-18.920674071638942	47.53666324724069	Ambanidia
287	Tsena	-18.91939979905155	47.53827153087311	Ambanidia
288	Rond-point/Poste	-18.918771518315	47.539278574891	Ambanidia
289	Epp	-18.919911452499	47.53971308424	Ambanidia
290	Paompy	-18.91841278474136	47.53780250011996	Ambanidia
291	Pharmacie	-18.916816803257202	47.53769427537919	Ambanidia
292	Pharmacie	-18.916164704689386	47.53743141889572	Ambanidia
293	Garage	-18.921898880957368	47.54057048271309	Ambatoroka
294	Garage	-18.922326941436772	47.54061967090141	Ambatoroka
295	Fiangonana	-18.92449049431331	47.54150542264576	Ambatoroka
296	Fiangonana	-18.924758059311138	47.54174664595437	Ambatoroka
297	Sampanana	-18.927566665823818	47.54351359444257	Ambatoroka
298	CEG	-18.928970237080534	47.5444864734279	Ambohimiandra
299	Printsa	-18.930231200374145	47.54522150898278	Ambohimiandra
300	Printsa	-18.93011918145728	47.54476435275062	Ambohimiandra
301	Ampamantsiana	-18.93061938232926	47.54584863816611	Mandroseza
302	Atome	-18.931020221837844	47.54652861567365	Mandroseza
303	Atome	-18.931088310811596	47.54706546643449	Mandroseza
304	Jirama	-18.932481187756242	47.54865065197917	Mandroseza
305	Jirama	-18.93236516347657	47.54847087892004	Mandroseza
306	Pylone	-18.934024831441498	47.549684570326704	Mandroseza
307	Député	-18.93523943947661	47.55104684663247	Mandroseza
308	Député	-18.935236902412747	47.55112463901728	Mandroseza
309	Mandroseza(015)	-18.936954485826	47.552068695438	Mandroseza
310	Fraise	-18.893755835253106	47.52182364463806	Ankorondrano
311	Fraise/Jesosy Mamonjy	-18.893661940572912	47.5224056839943	Ankorondrano
312	Fraise	-18.89326098431894	47.52159833908082	Ankorondrano
313	Codal	-18.890890754947876	47.52217501401902	Ankorondrano
314	Fokontany	-18.88850455628419	47.522731168355676	Ankorondrano
315	Cora	-18.884053952511007	47.522665858268745	Ankorondrano
316	Cora	-18.88360729200849	47.52277851104737	Ankorondrano
317	Voninkazo	-18.876478327687803	47.520461082458496	Ivandry
318	Voninkazo	-18.876988455894317	47.520823180675514	Ivandry
319	Poste	-18.873828681575418	47.520139217376716	Ivandry
320	Poste	-18.87371700974648	47.52034306526185	Ivandry
321	Travaux	-18.87296013976754	47.5193364136035	Alarobia
322	Travaux	-18.873021597137317	47.51920312643052	Alarobia
323	Tennis	-18.873491127865	47.524854540825	Alarobia
324	Pullman	-18.869668855713435	47.528515756130226	Ivandry
325	Pullman	-18.86923992331972	47.52812683582306	Ivandry
326	Claire Fontaine	-18.870305907125	47.532826066017	Ambodivoanjo-Ivandry
327	Claire Fontaine	-18.870607934637	47.533155977726	Ambodivoanjo-Ivandry
328	Imatep	-18.87204953745	47.535679936409	Ambodivoanjo-Ivandry
329	Imatep	-18.871628225234	47.53518640995	Ambodivoanjo-Ivandry
330	Dokotera	-18.871777968854	47.539920508862	Ambodivoanjo-Ivandry
331	Dokotera	-18.871874413827	47.539826631546	Ambodivoanjo-Ivandry
332	Sapin	-18.890753717105895	47.548608183860786	Nanisana
333	Sapin	-18.88978176030424	47.54894882440567	Nanisana
334	Paompy	-18.8870638041582	47.55029529333115	Nanisana
335	Tetezana/Ambassade de chine	-18.886736171186705	47.550328315410304	Nanisana
337	Garage	-18.88186194297724	47.55114622414113	Nanisana
338	Garage	-18.881842338893957	47.55105301737786	Nanisana
339	Capitonnage	-18.876985917946893	47.55066543817521	Nanisana
340	Capitonnage	-18.87684633077893	47.550772726535804	Nanisana
341	Sampanan'i Nanisana	-18.875963122002528	47.54878520965577	Analamahitsy
342	Sampanan'i Nanisana	-18.87581845805238	47.5482514500618	Analamahitsy
343	RDA	-18.86997849853445	47.55184561014176	Analamahitsy
344	RDA	-18.868869365456945	47.55126357078553	Analamahitsy
345	Ecole	-18.866942676972393	47.55133674632144	Andrononobe
346	Ecole	-18.86733636395157	47.55120992660523	Andrononobe
347	Ambohitrarahaba	-18.864217017942114	47.55091220140457	Ambohitrarahaba
348	Ambohitrarahaba	-18.863513951470917	47.55080759525299	Ambohitrarahaba
349	Ambohitrarahaba	-18.863552023737977	47.5505018234253	Ambohitrarahaba
350	Ambohitrarahaba	-18.863153533581098	47.54925727844239	Ambohitrarahaba
351	Bassin	-18.873676401790238	47.548600137233734	Analamahitsy
352	Primus/Terminus 136	-18.87164599143359	47.54586428403855	Analamahitsy
353	Sampanan'Androhibe	-18.87135157989	47.543090879917	Analamahitsy
354	Sampanan'Androhibe	-18.871331275627	47.542726099491	Analamahitsy
355	Coliseum	-18.871635839320007	47.544077932834625	Analamahitsy
356	Gara	-18.87078781836671	47.5183358783913	Alarobia
357	Gara	-18.870878623721197	47.51852363300871	Alarobia
358	Tsarasaotra	-18.868336369834424	47.51439161800988	Tsarasaotra
359	Tsarasaotra	-18.868521649457257	47.5139649803089	Tsarasaotra
360	Tsarasaotra	-18.868196775462792	47.516183926672596	Tsarasaotra
361	Tsarasaotra	-18.868214542025633	47.51627250823797	Tsarasaotra
362	Sanifer	-18.869607942304253	47.51251466265941	Tsarasaotra
363	Sanifer	-18.869993726855157	47.512216706484956	Tsarasaotra
364	Bassin	-18.874031721073774	47.50828450899701	Anosivavaka
365	Bassin	-18.87409770885778	47.50838919630156	Anosivavaka
366	OSTIE	-18.875351471817208	47.507716032587545	Anosivavaka
367	OSTIE	-18.875173813668653	47.5079790929938	Anosivavaka
368	Sampanana	-18.87758233453657	47.50448132805163	Ambohimanarina
369	Sampanana	-18.877770141874272	47.50448669663134	Ambohimanarina
370	Sampanana	-18.878430003824068	47.50448679859274	Ambohimanarina
371	Sampanana	-18.8774173684582	47.503684451868594	Ambohimanarina
372	Bassin	-18.8793233512462	47.505089760843994	Andraharo
373	Bassin	-18.880224307600404	47.50584123715401	Andraharo
374	Citern	-18.881216622935685	47.506468545290005	Andraharo
375	Galaxy	-18.88216325075694	47.50724947595894	Andraharo
376	Galaxy	-18.88246271903433	47.507356843391634	Andraharo
377	Floréal	-18.88403111194604	47.50860916865345	Andraharo
378	Floréal	-18.88416561745055	47.508622590102725	Andraharo
379	Total	-18.886155271164814	47.510044031868254	Andraharo
380	Total	-18.886662832103934	47.51056463428023	Andraharo
381	Star	-18.88873620256338	47.511983576951074	Andraharo
382	Star	-18.88853064311341	47.511927140276974	Andraharo
383	Garage/Fokontany	-18.89020048912203	47.5131285264568	Andraharo
384	Dalle	-18.892139316786164	47.51447975635529	Ankazomanga
385	Dalle	-18.89221291058768	47.51462727785111	Ankazomanga
386	Paraky	-18.893870031414803	47.51586645841599	Ankazomanga
387	Paraky	-18.894484151659576	47.51617759466171	Ankazomanga
388	Ankazomanga	-18.895011988747253	47.51644045114518	Ankazomanga
389	Ankazomanga	-18.895425629147937	47.516059577465064	Ankazomanga
390	Vassacos	-18.8994782359371	47.51765280961991	Antanimena
391	Andohan'Analakely	-18.907887281462244	47.52712984151003	Analakely
393	Sicam	-18.90724887342902	47.52287681221094	Analakely
394	Terminus 105-112-114	-18.90527714872	47.521513463471	Analakely
396	Tohatohabaton'Ambondrona	-18.906887883120728	47.526640892028816	Ambodifilao
397	Ambadikin'ny EPP	-18.905844969748	47.526053488255	Analakely
398	Ambodifilao	-18.90542628006813	47.52594083547592	Ambodifilao
399	Saint Pierre	-18.903530744590608	47.52392649650574	Soarano
400	EPP	-18.903147574836566	47.52295285463333	Soarano
401	Ambondrona	-18.905713019174	47.527408003807	Ambondrona
402	Palissandre	-18.90742434199147	47.528310343514704	Faravohitra
403	Primus 194 Ambanidia	-18.912457590188	47.544869184494	Andrainarivo
404	Primus 140	-18.936832707967614	47.478648126125336	Ampitatafika
405	Primus 162	-18.93606652024	47.50273168087	Anosizato Atsinanana
406	Mahamasina	-18.91801861864429	47.52415627199335	Mahamasina
407	Mahamasina	-18.918117875620474	47.524493783712394	Mahamasina
408	Havana 67 Ha	-18.904954301354824	47.507961988449104	67 Ha
409	Anosy Firaisana (Anosy)	-18.920102630832975	47.52152342321778	Anosy
410	Fiangonana	-18.891301867800834	47.56602913141251	Soamanandrariny
411	Fiangonana	-18.89121812267191	47.56602913141251	Soamanandrariny
412	Terminus 135	-18.887868283169222	47.56925582885743	Soamanandrariny
413	Terminus 135	-18.887721091714734	47.569499909877784	Soamanandrariny
414	Anjanahary	-18.893326964528008	47.53612786531449	Anjanahary
415	Mascar	-18.89674267367638	47.533300817012794	Mascar
416	Mascar	-18.896679232462677	47.5332123041153	Mascar
417	Gerichard	-18.897935364018476	47.53600716590882	Anjanahary
418	Fiangonana	-18.89165461197495	47.53625392913819	Manjakaray
419	25 (Vingt-cinq)	-18.892164693962748	47.53174321932604	Manjakaray
420	Total	-18.892618944773023	47.53081541014237	Ambodivona
421	Total	-18.892745830254	47.53030539506903	Ambodivona
422	Ambodivona	-18.893687317518697	47.52842014755176	Ambodivona
423	Ambodivona	-18.893545206572746	47.52794234395676	Ambodivona
424	Saint-Antoine	-18.89424560935275	47.528339598047545	Ambodivona
425	Ankorondrano	-18.894108574256812	47.52317634569388	Ankorondrano
426	Rotsirotsy	-18.897455751264	47.530506656464	Andravoahangy
427	Manga	-18.877422444339945	47.50368386507035	Ambohimanarina
428	Manga	-18.876744812765544	47.50326007604599	Ambohimanarina
429	Tsena	-18.874706825637116	47.50136107206345	Ambohimanarina
430	Pharmacie	-18.873293163718586	47.499711513519294	Ambohimanarina
431	Pharmacie	-18.873356613790985	47.500033378601074	Ambohimanarina
432	Paompy	-18.872869316618818	47.498829066753395	Antanety
433	Fokontany	-18.872866778609	47.49900877475739	Antanety
434	Garage	-18.872625667501453	47.49752819538117	Antanety
435	Ambohimanandray	-18.871356655955577	47.49482989311219	Ambohimanandray
436	Ambohimanandray	-18.87130335726042	47.494886219501495	Ambohimanandray
437	Paompy	-18.87022976564919	47.49361217021943	Anosisoa
438	Firaisana	-18.86918408588597	47.4933198094368	Anosisoa
439	Anosisoa	-18.869359212320454	47.491592466831214	Anosisoa
440	Banque	-18.869113020034288	47.49054104089737	Anosisoa
441	Antanimalalaka	-18.86850388292696	47.48920530080796	Ambodimita
442	Antanimalalaka	-18.86802418589717	47.48844355344772	Ambodimita
443	Jovena	-18.86558760836448	47.48620659112931	Ambodimita
444	Jovena	-18.865821115245453	47.48617976903916	Ambodimita
445	Tetezana	-18.85972191036971	47.48488694429398	Avaratetezana
446	Ambohidroa	-18.85843503356413	47.4845838546753	Ambohidroa
447	Market	-18.857818242956206	47.483210563659675	Amboavahy
448	Tranofotsy	-18.856224222157167	47.48182654380799	Amboavahy
449	Terminus 194	-18.854617494782655	47.48002141714097	Andranomena
450	Jirama	-18.86582872959478	47.486169040203094	Ambodimita
451	Fiangonana	-18.8700038790682	47.52198457717896	Alarobia
453	Cnaps	-18.91157203185229	47.51803100109101	Ampefiloha
454	Cnaps	-18.911224404519153	47.517271935939796	Ampefiloha
455	Terminus G	-18.9115948686591	47.51760184764863	Ampefiloha
456	COTONA	-18.906692495952104	47.51818925142289	Isotry
457	Petite Vitesse	-18.90633724596994	47.51827776432038	Isotry
458	Tsaralalàna	-18.908187075113265	47.520251870155334	Tsaralalàna
459	Terminus 133	-18.905804498440162	47.52603605389596	Analakely
460	Isotry	-18.90759330502492	47.51561164855958	Isotry
461	MAMA	-18.90976537680976	47.51664429903031	Isotry
462	Sampanan'i Behenjy	-18.91552666316775	47.47322954529144	Ambavahaditokana
463	Hopitaly	-18.922487669936725	47.46577620506287	Ambavahaditokana
464	Hopitaly	-18.922474983648804	47.46588349342347	Ambavahaditokana
465	Tsenakely	-18.921249483696563	47.46718168258668	Ambavahaditokana
466	Tsenakely	-18.921437242036117	47.467087805271156	Ambavahaditokana
467	Sampanan'i Victor	-18.919930094822	47.468640804291	Ambavahaditokana
468	Antampon'Itaosy	-18.91896084482082	47.47136056423188	Ambavahaditokana
469	Antampon'Itaosy	-18.919021740274296	47.47087240219116	Ambavahaditokana
470	Sampanan'i Vinany	-18.917806364318768	47.47304499149323	Andranonahotra Itaosy
471	Sampanan'i Vinany	-18.91757292992956	47.472854554653175	Andranonahotra Itaosy
472	Andranonahaotra	-18.915781563877758	47.47418493032456	Andranonahotra Itaosy
473	Andranonahaotra	-18.915581112374824	47.47400790452958	Andranonahotra Itaosy
474	Andranonahaotra	-18.91633724463571	47.47526317834855	Andranonahotra Itaosy
475	SODIAT	-18.900975417127935	47.52449780702592	Behoririka
476	SODIAT	-18.900820624439223	47.52407133579255	Behoririka
477	Shalimar	-18.906116483100956	47.51992464065552	Tsaralalàna
478	Jovena	-18.868643477042873	47.52983003854752	Ivandry
479	Radio	-18.86781352486306	47.528499662876136	Ivandry
480	Résidence	-18.867105397277932	47.52688765525818	Mahatony
481	Grantah	-18.86607238859106	47.52460509538651	Mahatony
482	Paompy	-18.865453087948463	47.52304136753082	Mahatony
483	Collège	-18.865008915997056	47.52195239067078	Mahatony
484	Terminus 165-150	-18.864191636532	47.519948780537	Mahatony
485	Tsena	-18.925052817570467	47.51158297061921	Anosibe
486	Tsena	-18.925342060234055	47.511679530143745	Anosibe
487	SONATRA	-18.923241233711597	47.50916630029678	Anosibe
488	SONATRA	-18.923023030409105	47.509163618087776	Anosibe
489	Shell	-18.92117843994554	47.5083214044571	Andavamamba
490	Shell	-18.921224110931806	47.508163154125214	Andavamamba
491	Fiangonana ara-pilazantsara	-18.918478755031245	47.5086271762848	Andavamamba
492	Fiangonana ara-pilazantsara	-18.918554874564133	47.50850379467011	Andavamamba
494	Antohomadinika	-18.899253807017907	47.51467332299113	Antohomadinika
495	Antohomadinika	-18.89926000162807	47.515439987182624	Antohomadinika
496	Rotsirotsy	-18.897640998681464	47.53019481897355	Andravoahangy
497	Ambodimanga	-18.901614887045596	47.53842171585033	Besarety
498	Tany malalaka	-18.900422222926	47.539328606301	Soavinandriana
499	Tany malalaka	-18.900257279347	47.539328512663	Soavinandriana
500	Gerard HOMI	-18.898922499171157	47.542216991666145	Soavinandriana
501	Gerard HOMI	-18.899044304647642	47.542455893463654	Soavinandriana
502	Tsena	-18.901632650063988	47.53645777702332	Besarety
503	Accem	-18.910996035804843	47.53380239009858	Ankadivato
504	Fokontany	-18.90879860535141	47.53374874591828	Ankadivato
505	NANE	-18.907273581796655	47.532775104045875	Ankadivato
506	Primus/Terminus 129	-18.925578020983558	47.556713819503784	Ambohipo
507	Sampanana	-18.925572946562337	47.5507539510727	Andohanimandroseza
508	Mahamasina	-18.918747710558996	47.52408742904663	Mahamasina
509	Mahamasina	-18.918945620954	47.52422153949738	Mahamasina
510	Gerb'or	-18.92148840659571	47.526542677761455	Mahamasina
511	Fivondronana	-18.92652693504199	47.52773255109788	Tsimbazaza
512	Parc	-18.930446416518	47.527777701419	Tsimbazaza
513	Parc	-18.93078087767574	47.52780407622218	Tsimbazaza
514	Fivondronana	-18.927085117265033	47.52862572669983	Tsimbazaza
515	Ecole Normale	-18.921439779309516	47.527692317962654	Mahamasina
516	Saint Joseph	-18.917689647164906	47.52805173397065	Mahamasina
517	Fiangonana	-18.871734822401198	47.54486650228501	Analamahitsy
518	Terminus 192	-18.85327893100569	47.5597974652973	Ilafy
519	Tany Malalaka	-18.85249801254649	47.55656698468677	Ilafy
520	GEMEAM	-18.85359456238727	47.55590710300547	Ilafy
521	Manjaka/Somacou	-18.854868784913	47.553642690182	Manjaka
522	Manjaka/Somacou	-18.855226682328	47.553543448448	Manjaka
523	Mitantsoa 	-18.85841726596517	47.552615404129035	Antsahamaina
524	Mitantsoa 	-18.858952831335674	47.55250275135041	Antsahamaina
526	Tsena kely	-18.860529058830735	47.55092829465867	Antsahamaina
527	Tsena kely	-18.861331127038664	47.55083441734315	Antsahamaina
528	Trano Vy	-18.932991466862134	47.57945279125125	Mandikamanana-By-Pass
529	Voasary	-18.935335847875	47.579582333565	Ankazobe By-Pass
530	Voasary	-18.935437330339	47.578855454922	Ankazobe By-Pass
531	Terrain	-18.935721480910395	47.572833895683296	Ankazobe By-Pass
532	Terrain	-18.935513442146473	47.573869228363044	Ankazobe By-Pass
533	Voninkazo	-18.936874956502773	47.568375169795075	Ankazobe By-Pass
534	THB	-18.93823090670327	47.56576581745859	Ankazobe By-Pass
535	THB	-18.938717277242368	47.565199881569235	Ankazobe By-Pass
536	Sampanana	-18.942442008383463	47.56068617105485	Ambohitrazara By-Pass
537	Sampanana	-18.942180701875188	47.560820281505585	Ambohitrazara By-Pass
538	Domaine	-18.944306659457705	47.55831778049469	Alasora
539	Domaine	-18.945082957029424	47.557537257671356	Alasora
540	Ankadindratombo	-18.939329136308	47.554763853549964	Ankadindratombo
541	Garage David	-18.90171131483702	47.537718415260315	Besarety
543	STE Akanjo	-18.904071240831218	47.56752580404282	Ambatomaro
545	Fokontany	-18.902688277484987	47.56486505270004	Ambatomaro
546	141	-18.902561399541323	47.56630003452302	Ambatomaro
547	Sampanana	-18.900708970607667	47.56289631128312	Ambatomaro
548	Sampanana	-18.900731808897454	47.56281048059464	Ambatomaro
549	Sinoa	-18.90062269259588	47.56222039461136	Ambatomaro
550	EPP	-18.897800869575278	47.560093402862556	Ambatomaro
551	Jirama	-18.89063190559666	47.556888556369444	Ankadindramamy
552	Rotra	-18.886226329788887	47.55529493093491	Ankerana
553	Residence	-18.88612735526853	47.55490332841873	Ankerana
555	Terminus/Primus 147	-18.915428870566448	47.56641268730164	Antsobolo
556	Bar	-18.913264484530547	47.56403625011445	Antsobolo
557	Bar	-18.91339642914704	47.56397992372513	Antsobolo
558	Siny Be	-18.911513671109603	47.56363123655319	Antsobolo
559	Dodan	-18.91035152686258	47.56322622299195	Antsobolo
560	Dodan	-18.910412425451575	47.56333619356156	Antsobolo
561	Sampanan'i Rakmal	-18.908280961643648	47.56224989891053	Antsobolo
562	Sampanan'i Rakmal	-18.90844082237143	47.56233304738999	Antsobolo
563	Tranonidada	-18.906314408445294	47.56167054176331	Antsobolo
564	Tranonidada	-18.906842208218627	47.56185024976731	Antsobolo
565	Avignon	-18.904025565160122	47.56181001663208	Antsobolo
566	Polisy	-18.902464972239784	47.56152033805848	Antsobolo
567	Terminus 184	-18.920102630881928	47.53695935010911	Ambanidia
568	Usine	-18.84457573474019	47.55464315414429	Ankadikely
569	Tetezana	-18.840326335875087	47.55519300699235	Sabotsy Namehana
570	Sabotsy	-18.835564	47.555293	Sabotsy Namehana
571	Tsena	-18.83662388964027	47.555598020553596	Sabotsy Namehana
572	Primus 163	-18.848221	47.551945	Ankadikely
573	Ankadikely	-18.849057	47.55454	Ankadikely
574	Tri-j	-18.851775	47.555399	Ankadikely
577	Andravoahangy(Solomaso)	-18.898582	47.530843	Andravoahangy
578	Madinox	-18.898085084120563	47.510322873401876	Ankasina
579	Madinox	-18.89790237482544	47.510228923256776	Ankasina
580	Bassin	-18.895689546415475	47.51270681619645	Ankazomanga
581	Arrêt Rapide	-18.894948546877593	47.513428330421455	Ankazomanga
582	Masera	-18.89292093205982	47.51744359731675	Tsaramasay
583	Masera	-18.892781358171433	47.51761794090272	Tsaramasay
584	Akondro	-18.926534546630307	47.49278604984284	Anosipatrana
585	Akondro	-18.926828861112337	47.49299257993699	Anosipatrana
586	Mbs	-18.93065236506819	47.49500423669816	Anosipatrana
587	Mbs	-18.930802055878374	47.4956238269806	Anosipatrana
588	Sicam	-18.937342652155657	47.499505863622495	Anosizato Atsinanana
589	Jovena	-18.94950981372233	47.53514617681504	Androndrakely
590	Jovena	-18.949284034188327	47.535894513130195	Androndrakely
591	TV Plus	-18.949274573217142	47.540507955822825	Androndrakely
592	TV Plus	-18.949979129753803	47.541639804840095	Androndrakely
593	Tetezana	-18.950595580697726	47.54267245531082	Androndrakely
594	Tetezana	-18.950534696755238	47.542731463909156	Androndrakely
595	Gazety	-18.95320761454329	47.54692286208186	Ankadiaivo
596	Gazety	-18.953190738091564	47.54713565111161	Ankadiaivo
597	Vato	-18.950161782122738	47.55143254995346	Ankadiaivo
598	Vato	-18.949669635005584	47.55187243223191	Ankadiaivo
599	Domaine	-18.946303208332786	47.55604863166809	Alasora
600	Domaine	-18.946575430584968	47.55553185849904	Alasora
601	Saropody	-18.950486496951676	47.55895614624024	Ambohimanandraisoa
602	Moto	-18.905535393237088	47.50039279460907	Andohatapenaka
603	Moto	-18.90565465638687	47.50019431114197	Andohatapenaka
604	Ambanimaso	-18.941479360240844	47.49457105994225	Anosizato Andrefana
605	Primus/Terminus 109	-18.850705950391493	47.53858208656311	Antanandrano
606	Faran'ny Tamboho	-18.854759638741115	47.54054546356202	Antanandrano
607	Fraise	-18.85679279182323	47.54269659519196	Ambohitrarahaba
608	Fraise	-18.85668618515763	47.542752921581275	Ambohitrarahaba
609	Nartah	-18.85855686847768	47.54413694143296	Ambohitrarahaba
610	Nartah	-18.858386807219716	47.54412084817887	Ambohitrarahaba
611	Caltex	-18.86017624913222	47.54484236240388	Ambohitrarahaba
612	Caltex	-18.86020670755273	47.54494160413742	Ambohitrarahaba
613	Trente(30)	-18.86173469788261	47.545520961284645	Ambohitrarahaba
614	Trente(30)	-18.86182861045545	47.545657753944404	Ambohitrarahaba
615	Paompy	-18.86276519512865	47.54610031843186	Ambohitrarahaba
616	Paompy	-18.862678897572646	47.546145915985115	Ambohitrarahaba
617	Bisikileta	-18.863272826912077	47.54751384258271	Ambohitrarahaba
618	Bisikileta	-18.86309007964706	47.54779547452927	Ambohitrarahaba
619	Landis	-18.900739421660017	47.52232253551484	Behoririka
620	Primus/Terminus 178	-18.905581068495984	47.55576968193055	Andraisoro
621	Reninjiro	-18.898544394106565	47.54756019340181	Ambohimirary
622	Kininina/Tranonjiro	-18.89869665128229	47.548107788533166	Ambohimirary
623	Zaoridira	-18.906629058510628	47.55047256674666	Andraisoro
624	Tany malalaka	-18.906504721055523	47.55320335932716	Andraisoro
625	Radio Isotopes	-18.89968124434118	47.549879550933845	Tsarahonenana
626	Radio Isotopes	-18.899498536788595	47.55001366138459	Tsarahonenana
627	Bassin	-18.902371082445427	47.55060106515885	Tsarahonenana
628	Bassin	-18.902579162459237	47.550845146179206	Tsarahonenana
629	Poteaux double	-18.902881131775125	47.55246330061286	Tsarahonenana
630	Poteaux double	-18.902815303533266	47.55236597636951	Tsarahonenana
631	Be Camions	-18.905740931803933	47.55075470641936	Tsarahonenana
632	Primus/Terminus 128/119/160/16/187	-18.914766617087018	47.54947185516358	Ankatso-Mausolé
633	CEG Antanimbarinandriana	-18.917882484157815	47.52514958381653	Mahamasina
634	Gastro	-18.91826562015476	47.52821266651154	Mahamasina
637	Cité	-18.90859009244491	47.476231008532224	Itaosy Cité
639	Parc	-18.909630891875885	47.475716471672065	Itaosy Cité
640	Betavoahangy	-18.914553477478222	47.47367262840271	Andranonahotra Itaosy
641	Poste	-18.911848610747167	47.474697232246406	Andranonahotra Itaosy
642	Poste	-18.91202622997973	47.474536299705505	Andranonahotra Itaosy
643	Terminus 187,137,172-Fiadanamanga	-18.997565990179	47.535647749901	Iavoloha
644	Mandrimena	-18.99219441078262	47.532917261123664	Andoharanofotsy
645	Mandrimena	-18.991854559985686	47.53279387950898	Andoharanofotsy
646	Galana	-18.98742629141517	47.53233790397645	Andoharanofotsy
647	Galana	-18.987892964445155	47.53244519233704	Andoharanofotsy
648	Boulangerie	-18.9833885005903	47.53259539604188	Andoharanofotsy
649	Boulangerie	-18.983763877231596	47.53286361694337	Andoharanofotsy
650	Andoharanofotsy	-18.977088133958222	47.53283143043518	Andoharanofotsy
651	Andoharanofotsy	-18.977311339423686	47.53304600715638	Andoharanofotsy
652	Malaza	-18.972040566897554	47.5305837392807	Malaza-Andoharanofotsy
653	Malaza	-18.972020274862125	47.530680298805244	Malaza-Andoharanofotsy
654	Sampanan'i Tongarivo	-18.969706966629367	47.529425024986274	Malaza-Andoharanofotsy
655	Ambany Atsimo	-18.96779947779551	47.53033161163331	Malaza-Andoharanofotsy
656	Ambany Atsimo	-18.967738600132886	47.530417442321784	Malaza-Andoharanofotsy
657	Magasin M	-18.963842383485527	47.52960205078126	Tanjombato
658	Magasin M	-18.96376628459762	47.529693245887756	Tanjombato
659	Ankady	-18.960833914330774	47.52971470355988	Tanjombato
660	Tetezana	-18.954796078572	47.529258280754	Tanjombato
661	Tetezana	-18.93817479654146	47.52124965190888	Soanierana
662	Tetezana	-18.93831686955875	47.52123892307282	Soanierana
663	Colis	-18.936160391111	47.516722083092	Namontana
664	Tsena	-18.935906685933	47.51454949379	Namontana
665	Rond-point	-18.934993344102903	47.509785890579224	Namontana
666	Rond-point	-18.93503393717921	47.50960886478424	Namontana
667	Mpivaro-kena	-18.93047730276407	47.509984374046326	Anosibe
668	Mpivaro-kena	-18.93024388607321	47.50934064388276	Anosibe
669	Abatoire	-18.94295954628	47.556198835372925	Ankadindratombo
670	Ankadindratombo	-18.939194675163414	47.554789038015194	Ankadindratombo
671	Ankadindratombo	-18.93874816190648	47.55519176472798	Ankadindratombo
672	Ankadindratombo	-18.93874816190648	47.55494481006087	Ankadindratombo
673	Pharmacie	-18.979999927217715	47.5329601764679	Andoharanofotsy
674	Pharmacie	-18.980233274300648	47.53283143043518	Andoharanofotsy
675	Sinibe	-18.869793220521743	47.52408742904663	Alarobia
677	Garage	-18.921581866559244	47.56105899810792	Ambolokandrina
678	Ambohipo	-18.92469760659692	47.555598020553596	Ambohipo
679	Ambohipo	-18.924662085458024	47.555705308914185	Ambohipo
680	Sampanana	-18.92136366109034	47.54094386211748	Ambatoroka
681	Shop Liantsoa	-18.9209475475461	47.54103512797271	Ambatoroka
682	ORSTOM	-18.92012543427504	47.54467003095465	Ambatoroka
683	ORSTOM	-18.91956779258289	47.54460928935769	Ambatoroka
684	Clinique	-18.922489766582657	47.545273750827704	Andohanimandroseza
685	Clinique	-18.923031022539757	47.54549977161011	Andohanimandroseza
686	Smap	-18.925255794930646	47.547591626644135	Andohanimandroseza
687	Smap	-18.925179678449464	47.5480529665947	Andohanimandroseza
688	Sampanana	-18.925534888398328	47.550761997699745	Andohanimandroseza
689	Sampanana	-18.925640515804933	47.55073823642275	Andohanimandroseza
690	Antsonjombe	-18.871767816748605	47.54485845565796	Analamahitsy
691	Antsonjombe	-18.871640915376876	47.54494428634644	Analamahitsy
692	Pullman	-18.86982367719544	47.52862572669983	Ivandry
693	Terminus 114	-18.832890333450525	47.4950963895063	Ambohijanahary
694	Tranonjiro	-18.83267032035961	47.4926207391589	Ambohijanahary
695	Pharmacie	-18.845021653022663	47.47384943840816	Ambohibao
696	Tsena Coum	-18.903825663389465	47.508945148673774	67 Ha
697	Primus/Terminus 112	-18.858952267250103	47.47279095551538	Andranoro
698	Epp	-18.857578520026568	47.47257269208038	Andranoro
699	Tsena	-18.856623010499394	47.47260012985626	Andranoro
700	Tsena	-18.856984570397998	47.47260192360929	Andranoro
702	Rosa	-18.855369671386615	47.47281834379119	Andranoro
703	Rosa	-18.854709718725378	47.472812978555616	Andranoro
704	Refuge	-18.85320422727313	47.47299773798388	Andranoro
705	Refuge	-18.853036135036664	47.47294885381781	Andranoro
706	Plaque	-18.850045979080782	47.47335172008236	Andranoro
707	Plaque	-18.849937675691034	47.47345361868099	Andranoro
709	Tsena	-18.848378271641174	47.473798883529874	Ambohibao
710	Tsena	-18.848205661696806	47.473780105205336	Ambohibao
711	Ambohibao	-18.84614363586012	47.47384674426285	Ambohibao
712	Ambohibao	-18.84588725584796	47.47462470342146	Ambohibao
713	Jovena	-18.85109798319937	47.478686400650965	Andranomena
714	Futura	-18.85117921003072	47.47886881866055	Andranomena
715	Fanambinana	-18.854656979154864	47.48030387978561	Andranomena
716	Fanambinana	-18.854494528819817	47.479992696122125	Andranomena
717	Terminus 159	-18.852249539160567	47.479705411127014	Andranomena
718	Terminus 159	-18.852306792391033	47.479661596371784	Andranomena
720	Primus/Terminus 112	-18.85252508798836	47.46605318572592	Morondava
722	Primus/Terminus 120/106	-18.85958879518121	47.51201939390712	Soavimasoandro
723	Fary	-18.860597590052322	47.512124336924515	Soavimasoandro
724	Fiangonana	-18.861800126455066	47.51251740049749	Soavimasoandro
725	Fiangonana	-18.86177262954185	47.51256608197657	Soavimasoandro
726	Antsapanimahazo	-18.864829272845558	47.51478955049472	Soavimasoandro
727	Antsapanimahazo	-18.864787252619927	47.514883994770116	Soavimasoandro
728	Primus 154	-18.953815069284122	47.51586770754591	Tanjombato
730	TNT-Forello	-18.955071898929	47.517986988185	Tanjombato
731	Hazovato	-18.954684619443622	47.51928368140225	Tanjombato
732	Hazovato	-18.95455270743971	47.51936415993589	Tanjombato
733	OSTIE	-18.955790928549845	47.52789812245382	Tanjombato
734	OSTIE	-18.95581122256044	47.52812077973024	Tanjombato
735	Pharmacie	-18.886685390212246	47.53929184144946	Amboditsiry
736	Pharmacie	-18.886710768215405	47.53923014124031	Amboditsiry
737	Terminus 138 plaky maitso	-18.928837864193	47.496715038802	Anosipatrana
738	Terminus 138 plaky maitso	-18.92881756685995	47.49679282285306	Anosipatrana
743	Faneva	-18.919384010288	47.50587376935	Ambilanibe
744	Faneva	-18.919622447555188	47.50547700889058	Ambilanibe
745	Andavamamba	-18.916291854275	47.510041807092	Andavamamba
747	Sampanana	-18.912702767454505	47.5113760217596	Anatihazo Isotry
748	Sampanana	-18.91245054188801	47.51155119733305	Anatihazo Isotry
749	Rond Point	-18.90782731717433	47.51450405050519	Isotry
750	Rond Point	-18.907294163639534	47.5149347442246	Isotry
751	Vasacos	-18.90017635826295	47.51801843464229	Vasacos
753	Mpivaro-kazo	-18.906378409665784	47.515473532597106	Isotry
754	Gare Routière	-18.904028948167692	47.5169517645044	Isotry
755	Andranomanalina	-18.910577922838513	47.51275171013865	Andranomanalina
756	Be Kiraro	-18.909318502971054	47.5135843768432	Andranomanalina
757	Shell	-18.935035628303925	47.55016519231551	Mandroseza
758	Pizza Mania	-18.90370752678728	47.52895400236801	Antaninandro
759	Pizza Mania	-18.903573036983197	47.52903179828387	Antaninandro
760	Terminus 194 Andrainarivo	-18.910904688121	47.544842215963	Andrainarivo
761	Antanimora	-18.913422367147138	47.54235840880426	Antanimora
762	Antanimora	-18.913351320069918	47.542433522102336	Antanimora
763	Andohatapenaka	-18.90553313768188	47.50039097661756	Andohatapenaka
764	Andohatapenaka	-18.905654938346196	47.500203193372364	Andohatapenaka
765	Andohatapenaka	-18.905440659306052	47.49912990994947	Andohatapenaka
766	CDA	-18.903725853498976	47.49778052455133	Andohatapenaka
767	CDA	-18.903845117938715	47.497785889786904	Andohatapenaka
768	Gare Routière Maki	-18.898089595446294	47.49602697967003	Digue Andohatapenaka
769	Score	-18.893738846255584	47.49277889629804	Digue Andohatapenaka
770	Score	-18.892908243529316	47.4919867515564	Digue Andohatapenaka
771	Manarapenitra	-18.890195131651787	47.48995084614135	Digue Andohatapenaka
772	Manarapenitra	-18.889877754174034	47.48959913832052	Digue Andohatapenaka
773	Somagel	-18.88813552520414	47.488358615958845	Digue Andohatapenaka
774	Opham/Poteaux double	-18.884231319258	47.484398923278	Digue Andohatapenaka
775	Sampanana	-18.879115	47.481129	Ambodihady
776	Ambodihady	-18.874085864929114	47.48457026536598	Ambodihady
777	Ambodihady	-18.873946275345517	47.484519295628	Ambodihady
778	Ambodimita	-18.867215099459383	47.48526648976611	Ambodimita
779	Ambodimita	-18.867286166115566	47.485226250499274	Ambodimita
780	Tetezana	-18.85893647369094	47.481144196079825	Ambodimita
781	Tetezana	-18.858898400376102	47.48103152613274	Ambodimita
782	Primus 194 Maitso	-18.855299410733647	47.480071484590106	Andranomena
783	Primus/Terminus 140	-18.90460724301778	47.520867771455656	Tsaralalàna
784	Primus/Terminus 157	-18.89038743637653	47.53287318642621	Manjakaray
785	EPP	-18.891180338712807	47.535596116381846	Manjakaray
786	Mahazoarivo	-18.937008437105085	47.54567464051606	Mahazoarivo
787	Sampanan'i Mahazoarivo	-18.933325	47.544107	Fenomanana
788	Sampanan'i Mahazoarivo	-18.933237	47.5433887	Fenomanana
789	Sampanana	-18.928274	47.543152	Ambatoroka
790	Sampanana	-18.927851	47.543283	Ambatoroka
791	Jirama	-18.90061705376727	47.53467636667265	Mahavoky
792	La Rotodone	-18.901406242185264	47.53510826813656	Mahavoky
793	Andravoahangy Ambany	-18.898805204835025	47.531897320457745	Andravoahangy Ambany
794	Andravoahangy Ambany	-18.898536217238558	47.531323240251005	Andravoahangy Ambany
795	Terminus 190	-18.930481936453628	47.531910985507395	Ambohipotsy
796	Terminus 134	-18.924590161901353	47.531103193307096	Manjakamiadana
797	Parking	-18.920356641765686	47.532345960373	Andafiavaratra
798	Andohalo	-18.917860971386506	47.53302052617074	Andohalo
799	Le Relais	-18.916223063508752	47.53230544939854	Andohalo
800	Polisy	-18.915647846972774	47.53210589289666	Ambohijatovo ambony
801	Jirama	-18.914305377682798	47.5315145177634	Ambohijatovo ambony
802	Jirama	-18.914132835639723	47.531621822474946	Ambohijatovo ambony
803	Fitsarana	-18.911958001331737	47.53148953798898	Faravohitra
804	Commercial	-18.912058076533118	47.53067895770074	Faravohitra
805	Accem	-18.91081334015395	47.53137090739548	Faravohitra
806	CDE	-18.910038011210453	47.53110452946357	Faravohitra
807	Somagi/Vitogaz	-18.910162616205955	47.5298984348774	Faravohitra
809	Katolika	-18.90591700664215	47.52849095095971	Faravohitra
810	Terminus 134	-18.906346433190148	47.52544900786842	Analakely
811	Epp	-18.927578414424	47.531671038786	Ambohipotsy
812	Tranovato	-18.92176201272006	47.5327268242836	Manjakamiadana
813	Rova	-18.9226492236786	47.53231812636054	Manjakamiadana
815	Terminus 190	-18.904777802400044	47.52430881082543	Analakely
816	Terminus 137	-18.904754259801535	47.52429003041612	Analakely
817	Lavage	-18.944572472879	47.525211094234	Ankadimbahoaka
818	Lavage	-18.944627721222	47.524946509321	Ankadimbahoaka
819	Terminus Ambohitsoa	-18.94211967899522	47.53729841722649	Ambohitsoa
820	Terminus 115	-18.90824018451	47.525347679715	Analakely
821	Terminus 142	-18.908361720091676	47.525690942764165	Analakely
822	Antaninarenina	-18.910757076414225	47.52314820867368	Antaninarenina
823	Ecole	-18.850781536564455	47.485658105281175	Ambatolampy-Antehiroka
824	Ecole	-18.850817073377733	47.48556421365857	Ambatolampy-Antehiroka
825	Clinique	-18.84788046618283	47.48657120481859	Ambatolampy-Antehiroka
826	Clinique	-18.847949002643528	47.486455852253684	Ambatolampy-Antehiroka
827	Bassin	-18.8453922636384	47.48677903773778	Ambatolampy-Antehiroka
828	Bassin	-18.85225433387451	47.48163983363858	Andranomena
829	Primus/Terminus 114	-18.84462875987584	47.485426225681216	Ambatolampy-Antehiroka
830	Primus/Terminus 126	-18.85910246100192	47.55846512619765	Manjaka
831	Manjaka 126	-18.855599526573	47.553423804848	Manjaka
832	Ambatonakanga	-18.912052308885933	47.5268868279944	Ambatonakanga
833	Fjkm	-18.913677093112867	47.527898946202086	Ambatonakanga
834	Fjkm	-18.91537276699407	47.52742384583253	Amparibe
835	Primus/Terminus Ambatobe	-18.87726452774545	47.566544088032146	Ambatobe
836	Fjkm	-18.876873120103493	47.56401325490279	Ambatobe
837	Lycée Français	-18.879297690052	47.558865396567	Ambatobe
838	Leader Price	-18.88027337366	47.562608605666	Ambatobe
839	Voninkazo	-18.881879291339175	47.552856612086	Ambatobe
840	Sarimasina	-18.882263637748885	47.553518028267426	Ambatobe
841	Sampanana	-18.876195768423	47.553472705691	Ambatobe
842	Stop	-18.87377397363	47.551262847471	Analamahitsy
843	Antaninandro	-18.903949	47.528904	Antaninandro
844	Gauloise	-18.902592	47.523524	Soarano
845	Primus/Terminus 182	-18.916963969293	47.563902685284	Bibilava
846	Ambohijatovo(Fiantsonana vaovao)	-18.910943	47.528901	Ambohijatovo
847	Galana	-18.839104	47.555228	Sabotsy Namehana
848	Total	-18.917221	47.535801	Ankazotokana
849	Total	-18.917144	47.535725	Ankazotokana
850	Alliance Fraçaise	-18.915216	47.533849	Antsahabe
851	Alliance Fraçaise	-18.915327	47.534038	Antsahabe
853	Ambodirano	-18.947244	47.53311	Androndrakely
854	Ambodirano	-18.947578821426763	47.53274783467839	Androndrakely
855	Tsena	-18.945525607379263	47.53414313658433	Androndrabe
856	Météo	-18.897514	47.546899	Ampasampito
857	Primus/Terminus 141	-18.90464	47.558324	Andraisoro
858	Primus/Terminus 015/113/116	-18.937126	47.552081	Mandroseza
859	Terminus/Primus 139	-18.939437	47.540309	Ambohitsoa
860	Primus/Terminus 104	-18.94396	47.541457	Ampamantanana
861	Cité	-18.87169884923869	47.54589602330025	Analamahitsy
862	Isoraka	-18.91191	47.520503	Isoraka
863	Primus/Terminus 138/143/009/140	-18.90456010349251	47.52083033281752	Analakely
864	Arrêt Anosizato/Anosibe	-18.929355	47.50876	Anosizato Atsinanana
865	Ilanivato	-18.927163	47.503218	Ilanivato
866	Terminus 129/164	-18.904566	47.524581	Analakely
867	Primus/Terminus 164	-18.926211	47.557888	Ambohipo
868	Primus/Terminus 142	-18.936985983562685	47.52489381934446	Soanierana
869	Pacifique	-18.938212	47.52398	Soanierana
870	Paompy	-18.939896	47.523309	Soanierana
871	Fiangonana	-18.941099	47.523422	Ankadimbahoaka
872	Ambanilalana	-18.916059	47.483484	Ambanilalana Itaosy
873	Ambonisoa	-18.913352	47.484675	Ambanilalana Itaosy
874	Ambonisoa	-18.913789	47.484208	Ambanilalana Itaosy
875	Jovena	-18.851489856439034	47.47841432671991	Andranomena
876	Plaque	-18.850595673366616	47.47793210107356	Andranomena
877	Ambohibao	-18.845416519707587	47.47295953323129	Ambohibao
878	Artisanat	-18.844415531060715	47.47156938326043	Ambohibao
879	Ambohibao	-18.845030114514042	47.47209548950195	Ambohibao
880	Imerinafovoany	-18.842334279093283	47.4670501717337	Imerinafovoany
881	Imerinafovoany	-18.842240355609793	47.466532426500535	Imerinafovoany
882	Talatamaty	-18.83885653657281	47.46188385206995	Talatamaty
883	Talatamaty	-18.840025381992998	47.46150475509714	Talatamaty
884	Talatamaty	-18.840233257389446	47.46116093197253	Talatamaty
885	Talatamaty	-18.83996156634222	47.46019542124116	Talatamaty
886	Antanetibe	-18.833989550736206	47.464286869071856	Antanetibe Ivato
887	Antanetibe	-18.83383215758928	47.464324425720896	Antanetibe Ivato
888	Toyota	-18.83058835927386	47.46553584905761	Mandrosoa Ivato
889	Toyota	-18.83040275564922	47.465395517372144	Mandrosoa Ivato
890	Mandrosoa	-18.8221533440619	47.465323394616576	Mandrosoa Ivato
891	Mandrosoa	-18.822025841023635	47.46529858983315	Mandrosoa Ivato
892	Police	-18.816465541520696	47.468348791490115	Mamory Ivato
893	Police	-18.8151117581173	47.47087762145559	Mamory Ivato
894	Mamory	-18.808180464399385	47.472570437932625	Mamory Ivato
895	Mamory	-18.80923160203983	47.471990992490355	Mamory Ivato
896	Andranomena	-18.855289	47.479922	Andranomena
897	Andranomena	-18.855524	47.480104	Andranomena
898	Cnaps/Primus J Itaosy	-18.911478	47.517529	Ampefiloha
899	Analakely	-18.907437	47.526135	Analakely
900	Arrêt 2000	-18.880175088137573	47.52200263659477	Ankorondrano
901	Antanimenakely	-18.936763068197166	47.485679537057884	Anosizato Andrefana
902	Pharmacie	-18.923107405993164	47.51618495181289	Anosibe
903	Sampanan'i Mangarivotra	-18.923733962869	47.463147719832	Ambavahaditokana
904	Sampanan'i Mangarivotra	-18.923455467642	47.463650448335	Ambavahaditokana
905	Terminus 133 Hôpitaly	-18.925041183902714	47.46058585231368	Ambavahaditokana
906	Terminus 110-120-144-141	-18.906185576884	47.525228974288	Analakely
907	Andohalo	-18.91771391677254	47.533624003226585	Andohalo
908	Meuble	-18.931955707645	47.484830950561	Ambohimamory-Antanety
909	Meuble	-18.932129717644	47.484778174203	Ambohimamory-Antanety
910	Publiphone	-18.933019537532	47.485423773596	Ambohimamory-Antanety
911	Ravinala	-18.933796002559	47.485737683073	Ambohimamory-Antanety
912	Ravinala	-18.933826805911	47.4856711139	Ambohimamory-Antanety
913	Behenjy	-18.914568653271	47.471972461826	Behenjy Itaosy
914	Volvo	-18.913860589127	47.470137455966	Behenjy Itaosy
915	Sampanan'Ambatofilokana	-18.91257256559669	47.468654489712215	Ambodifasika Itaosy
916	Sampanan'Ambatofilokana	-18.912589093903424	47.468590392381884	Ambodifasika Itaosy
917	Tsenakely	-18.91265563146059	47.467320741961885	Ambodifasika Itaosy
918	Tsenakely	-18.91271876748309	47.46729769729428	Ambodifasika Itaosy
919	Captelec	-18.911892963923	47.46520872779	Ambodifasika Itaosy
920	Captelec	-18.911950361619	47.465210616174	Ambodifasika Itaosy
921	Sampanan'Ambodifasika	-18.911949718940292	47.46337322916589	Ambodifasika Itaosy
922	Sampanan'Ambodifasika	-18.91202628937299	47.46329076318944	Ambodifasika Itaosy
923	Charbon	-18.91211699152584	47.46093964491593	Ambodifasika Itaosy
924	Charbon	-18.912164306470224	47.460978846193036	Ambodifasika Itaosy
925	Espace Fitsikiana	-18.91245260031506	47.45899457353517	Andohataonjona Itaosy
926	Espace Fitsikiana	-18.912382956501553	47.45901090383996	Andohataonjona Itaosy
927	Manga tokana	-18.91206874005975	47.45774724451621	Andohataonjona Itaosy
928	Manga tokana	-18.912010236234163	47.457784430862375	Andohataonjona Itaosy
929	Zandary	-18.90967790009918	47.4537621354466	Andohataonjona Itaosy
930	Zandary	-18.909614527288	47.453793436289	Andohataonjona Itaosy
931	Primus/Terminus KOFIMI	-18.90877999964676	47.451960789803714	Andohataonjona Itaosy
932	Volvo	-18.913939248691612	47.47015083508814	Behenjy Itaosy
933	Behenjy	-18.914545650811665	47.47199377265133	Behenjy Itaosy
934	Betavoangy Ambony	-18.915484810898405	47.473244373723006	Andranonahotra Itaosy
935	Antampony	-18.88034968439915	47.55698738581292	Ambatobe
936	Tetezana	-18.95961357281496	47.510444612506355	Soavina
937	Tetezana	-18.95957546226934	47.51038211764659	Soavina
938	Karina-Forello	-18.954420812208923	47.5158758231744	Tanjombato
939	Karina-Forello	-18.954419241723016	47.51599196909229	Tanjombato
940	TNT-Forello	-18.955049779141888	47.51811719917088	Tanjombato
941	Primus/Terminus 199	-18.96221047132065	47.51104248456858	Soavina
942	Primus/Terminus 159 Forello	-18.954268198069396	47.51575846394854	Tanjombato
943	Tour	-18.955807122962117	47.52347890240097	Tanjombato
944	Lycée Français	-18.879361569944994	47.55823250199683	Ambatobe
945	Ny avo	-18.87436202748187	47.55211308256549	Ambatobe
946	Andravoahangy-Tsena	-18.89681625407006	47.53013054008989	Andravoahangy
947	Ambodifiakarana	-18.852764886761	47.53724609518	Antanandrano
948	Plaky	-18.85727089127566	47.53696707979543	Androhibe
949	CEG	-18.859821158270968	47.53552168607712	Androhibe
950	Enam	-18.860906137573917	47.53648325424365	Androhibe
951	CEG Analamahitsy	-18.869519386415732	47.54255109419319	Analamahitsy
952	Polisy	-18.867967182807774	47.54228394886014	Androhibe
953	Sampanan'i Nartah	-18.86396610631427	47.540464725698264	Androhibe
954	Ravaka	-18.86318101512236	47.53943417839764	Androhibe
955	Villà	-18.8656899187065	47.541677085973795	Androhibe
956	Primus/Terminus 150	-18.850229827017458	47.53634956763564	Antanandrano
957	Terminus 165 Androhibe	-18.860385850507477	47.53530890704498	Androhibe
958	Terminus 113 (Sicam)	-18.90778962434383	47.524337572867815	Analakely
959	Terminus 196 Analakely	-18.903922018988	47.523420860489	Analakely
960	Primus/Terminus 182 Mena/I	-18.91423704657	47.530501224846	Ambohijatovo
961	Voandelaka	-18.904955991230267	47.47803991427646	Avaratsena-Itaosy
962	Voandelaka	-18.90491954530136	47.4779810862492	Avaratsena-Itaosy
963	Kininina be	-18.903718392416824	47.47741313528423	Avaratsena-Itaosy
964	Kininina be	-18.90369672046612	47.47731616452257	Avaratsena-Itaosy
965	Fokontany (Andramahavola)	-18.901359156864	47.47472537596	Ambohidrapeto
966	Siniben-drano	-18.900055394696	47.474502474797	Ambohidrapeto
967	Tsapanana	-18.864181848282968	47.51997559164127	Mahatony
968	Poteau Be	-18.863181028215063	47.51933253710418	Soavimasoandro
969	Fokontany	-18.86273377566219	47.51821953888095	Soavimasoandro
970	Fiangonana	-18.86171492064418	47.516230318782995	Soavimasoandro
971	Bara Vy	-18.860632297982633	47.515836862394515	Soavimasoandro
972	Terminus 150 Soavimasoandro	-18.85949989055087	47.51210903740458	Soavimasoandro
973	Tennis	-18.87307501575557	47.52627816023093	Alarobia
974	Bazar Dà	-18.906728785515323	47.477377145411864	Itaosy Cité
975	Bazar Dà	-18.906801167656443	47.47726097680758	Itaosy Cité
976	Vavahady	-18.930175774860572	47.49636642036918	Anosipatrana
977	Vavahady	-18.93053494334484	47.49601799202256	Anosipatrana
978	Fiadanamanga	-18.99918214212984	47.53613154905345	Iavoloha
979	Fiadanamanga	-18.999551628027753	47.53612938681653	Iavoloha
980	Tetezan'i Iavoloha	-19.007646503456304	47.53915896508347	Iavoloha
981	Tetezan'i Iavoloha	-19.007622216769	47.539275110068616	Iavoloha
982	Hazo maty	-19.00398513123107	47.53848238152237	Iavoloha
983	Hazo maty	-19.003887569235754	47.53837713184056	Iavoloha
984	Analamanga	-18.95751643310672	47.52944687015922	Tanjombato
985	Eglizy	-18.95908260849287	47.52972937041574	Tanjombato
987	Mpandrafitra	-18.942881137615704	47.53593194094872	Androndrabe
988	Ampamantanana	-18.942028971742	47.537212677732	Androndrabe
989	Ampamantanana	-18.942049677393	47.537278579115	Androndrabe
990	Ambohitsoa	-18.939361380456	47.540257407019	Ambohitsoa
991	Ambohitsoa	-18.939364159087	47.540393946299	Ambohitsoa
992	Publiphone	-18.938631570247576	47.54101738567177	Ambohitsoa
993	Tany malalaka	-18.9383366395853	47.54165307837828	Ambohitsoa
994	Garage	-18.935492179041518	47.541923176062625	Fenomanana
995	Garage	-18.935606508192624	47.54184011169552	Fenomanana
996	Sampanan'i Mahazoarivo	-18.932647338834	47.543218738283	Fenomanana
997	Sampanan'i Mahazoarivo	-18.932846444032176	47.54307840840493	Fenomanana
998	Espace Ravo	-18.930133954839267	47.54260068426903	Ambohimiandra
999	Primus 104	-18.928134968111706	47.54328737522285	Ambohimiandra
1000	Tsena	-18.94634723402	47.533738294386	Androndrabe
1001	Caromax	-18.943822445025237	47.53542794061949	Androndrabe
1002	Palissandre	-18.907383593117398	47.52813899161891	Faravohitra
1003	Apangabe	-18.92702949671	47.499031335474	Anosipatrana
1004	Paompy	-18.934263340534578	47.544441393788645	Mahazoarivo
1005	Primus/Terminus 113	-18.937348582526084	47.54590615723066	Mahazoarivo
1006	Masera	-18.92527967129043	47.50006419698017	Anosipatrana
1007	Masera	-18.92556614763055	47.49987177550794	Anosipatrana
1008	Apangabe	-18.92674469319115	47.499155848983825	Anosipatrana
1009	Tetezana	-18.91874622158484	47.50740386533465	Andavamamba
1010	Tetezana	-18.918519103256518	47.50778921121938	Andavamamba
1011	Lavage	-18.92090486995681	47.5026222344957	Ambilanibe
1012	Lavage	-18.920868162091413	47.502611969131856	Ambilanibe
1013	Paompy	-18.923695520402177	47.499930750225126	Ilanivato
1014	Paompy	-18.92351371624438	47.499874098203726	Ilanivato
1015	Lambamena/Polisy	-18.92184263770367	47.50053649620581	Ilanivato
1016	Lambamena/Polisy	-18.921791947698352	47.50054122773575	Ilanivato
1018	Bel'air	-18.83913583794699	47.45665844351905	Talatamaty
1019	Bel'air	-18.839227023204252	47.457218638514085	Talatamaty
1020	Soboma	-18.838121800439865	47.45361741829015	Talatamaty
1021	Soboma	-18.83798117056762	47.453510316554826	Talatamaty
1022	Fanavotana	-18.832911041248877	47.45296096729454	Talatamaty
1023	Fanavotana	-18.832889464423957	47.45301312321445	Talatamaty
1024	Andranotapahana	-18.82843753612341	47.45085096061841	Andranotapahana
1025	Andranotapahana	-18.828446681021017	47.450930525931135	Andranotapahana
1026	Mandriambero	-18.822552460284875	47.44820147709786	Mandriambero
1027	Mandriambero/Tsenakely	-18.822957249511944	47.448801996555424	Mandriambero
1028	Ankadibe	-18.820801580997088	47.443846464157104	Ambohidratrimo
1029	Ankadibe	-18.82095368907931	47.44324582046804	Ambohidratrimo
1030	Shell	-18.818279831239213	47.442053098390744	Ambohidratrimo
1031	Amban-tsena	-18.81906205506509	47.44166538102013	Ambohidratrimo
1032	Terminus D Ambohidratrimo	-18.818872675745347	47.439544888798686	Ambohidratrimo
1033	Barrière	-18.92342513697785	47.56963987343548	Andranovory
1034	Ravitoto(Terminus 196-180)	-18.92075723834429	47.573634312630944	Andranovory
1035	Tsena manga	-18.922789635920818	47.57049712011606	Andranovory
1036	Trano fotsy	-18.92117544473945	47.5710477327465	Andranovory
1037	Akondro	-18.922035749810014	47.55629020845367	Ambolokandrina
1038	Akondro	-18.922520138367087	47.55571179477212	Ambolokandrina
1039	Tsena	-18.921163457856	47.558444196579	Ambolokandrina
1040	Tsena	-18.92111911142697	47.55842515450239	Ambolokandrina
1041	Tetezana	-18.921292176836	47.56440594768	Ambolokandrina
1042	Tetezana	-18.92124635235462	47.564393002644884	Ambolokandrina
1043	Sampanana	-18.87984189453405	47.480670851750055	Ambodihady
1044	Antampon'Ankatso	-18.915966969759285	47.565462520174144	Antsobolo
1045	Sampanan'i Vinany	-18.9178734692436	47.47299413657328	Andranonahotra Itaosy
1046	Paompy	-18.923259473062018	47.47206572888212	Ambohijanamasoandro-Itaosy
1047	Soudure	-18.92403249882249	47.4721430201517	Ambohijanamasoandro-Itaosy
1048	Dokotera	-18.925659671132983	47.472582910591925	Vinany-Itaosy
1049	Fiangonana	-18.927570946755193	47.47302652838167	Vinany-Itaosy
1050	Vavahady Be	-18.930713916080904	47.47400969581278	Ambohikely-Ambavahaditokana
1051	Komisera/Polisy	-18.931730356058278	47.47514765607512	Ambohikely-Ambavahaditokana
1052	Sampanana	-18.93233332308925	47.47642418293934	Ambohikely-Ambavahaditokana
1053	Terminus/Primus A Vinany	-18.932834485826	47.477957942548	Ampitatafika-Vinany
1054	Terminus 182 Manga	-18.916865663105284	47.512961165536126	Ampefiloha
1055	Tranovato	-18.921941207212054	47.53271191497334	Manjakamiadana
1056	Avocat	-18.930731916280536	47.48473087621768	Ambohimamory-Antanety
1057	Coca	-18.93970778100892	47.48998068714242	Anosizato Andrefana
1058	Dispensaire	-18.928327284059087	47.49776499462315	Anosipatrana
1059	Dispensaire	-18.92830550008473	47.49768778681756	Anosipatrana
1060	Fanantenana	-18.920171137797592	47.50428870320321	Ambilanibe
1061	Fanantenana	-18.920163109644868	47.504185155266896	Ambilanibe
1062	Fiakarana	-18.87197005905149	47.54905264280032	Analamahitsy
1063	Sampanan'i Nanisana	-18.875611604006004	47.548142443093106	Analamahitsy
1064	Tsiazotafo(Paompy)	-18.903439439118607	47.52644902634679	Tsiazotafo
1065	Tsiazotafo	-18.903111104160857	47.52678406786876	Tsiazotafo
1066	Buffare	-18.91702535740818	47.540845238982456	Ampasanimalo
1067	Pharmacie	-18.9164170465436	47.53728677085214	Ambanidia
1068	87	-18.891307358773183	47.53557057039704	Manjakaray
1069	Chapelle	-18.90577600882811	47.53835346755596	Betongolo
1070	Clinique	-18.8963795246212	47.526474224915425	Ankadifotsy
1071	Ankadikely	-18.849038905264052	47.554443931020984	Ankadikely
1072	Ankadikely	-18.848919501127252	47.55468984112305	Ankadikely
1073	Ankadikely	-18.84896544828874	47.55464847315576	Ankadikely
1074	23 Ambony	-18.896307853944858	47.54489511210672	Ampasampito
1075	Anosizato Andrefana(110|140)	-18.938188977623	47.496348994209825	Anosizato Andrefana
1076	Gare routière	-18.894801393182306	47.547812293020506	Ampasampito
1077	Ostie	-18.90938718412922	47.52037189009389	Ampasamadinika
1078	Havana	-18.904883251885238	47.50639248295237	67 Ha
1079	Ravinala	-18.895151694368298	47.559150456849956	Mahazo
1080	Ravinala	-18.89526987536347	47.559264800886325	Mahazo
1081	Sampanan'i Victor	-18.920280186249	47.468219591709	Ambavahaditokana
1082	Sary masina	-18.894360456425762	47.56825869411838	Ambohimahitsy
1083	Mamamba	-18.84138479866886	47.479058332704085	Ambohibao
1084	Mamamba	-18.84145635752917	47.47905995262176	Ambohibao
1085	Tsenakely	-18.835290607186	47.487980009335	Amboaroy-Antehiroka
1086	Tsenakely	-18.835323140979	47.488323307815	Amboaroy-Antehiroka
1087	Epp	-18.835093384992643	47.48693164474957	Amboaroy-Antehiroka
1088	Epp	-18.835140524142236	47.486900542039564	Amboaroy-Antehiroka
1089	Mazda kely	-18.844368336300878	47.47548041632399	Ambohibao
1090	Lalàm-by/Stationnement	-18.930282954056	47.581104068086	Mandikamanana-By-Pass
1091	Rond-point	-18.933042783625	47.582647805102	Mandikamanana-By-Pass
1092	Cash-point	-18.934089264353	47.581861316695	Mandikamanana-By-Pass
1093	Amoronakona	-18.924228994351665	47.58248269460726	Amoronakona-By-Pass
1094	Amoronakona	-18.924198466508216	47.58235617773608	Amoronakona-By-Pass
1095	Poteaux double	-18.918857588123927	47.58573492290453	Behitsy-By-Pass
1096	Poteaux double	-18.918735559201988	47.586007607169456	Behitsy-By-Pass
1097	Ampatsakana	-18.915360361707453	47.5877121090889	Behitsy-By-Pass
1098	Ampatsakana	-18.914899432740064	47.58744403487073	Behitsy-By-Pass
1099	MADA HOTEL	-18.911065081691206	47.58955443045125	Behitsy-By-Pass
1100	MADA HOTEL	-18.910957240845583	47.58946470217781	Behitsy-By-Pass
1101	Sampanana	-18.907281194261568	47.59487897157669	Behitsy-By-Pass
1102	Sampanana	-18.90734209396844	47.595029175281525	Behitsy-By-Pass
1103	Holcim	-18.903807425992067	47.60105770197698	Ambohimangakely
1104	Holcim	-18.903970514434892	47.601000665646076	Ambohimangakely
1105	Galana	-18.900513972721747	47.603114484809346	Ambohimangakely
1106	Galana	-18.901503927612396	47.60293454630301	Ambohimangakely
1107	Ambodivoara	-18.898059707842	47.603185772896	Ambohimangakely
1108	Ambodivoara	-18.89822942246718	47.60252121667461	Ambohimangakely
1109	Lalàm-by/Stationnement	-18.930227782049734	47.58120685769734	Mandikamanana-By-Pass
1110	Rond-point	-18.933299120013306	47.58173673335569	Mandikamanana-By-Pass
1111	Arrêt vaovao	-18.927280083037896	47.58094547985065	Amoronakona-By-Pass
1112	Arrêt vaovao	-18.9273249315192	47.581009760879354	Amoronakona-By-Pass
1113	Yandy	-18.939521750293007	47.56417555401506	Ankazobe By-Pass
1114	Yandy	-18.939462496732457	47.56414791914991	Ankazobe By-Pass
1115	Terminus E	-18.8982863302176	47.531371603473275	Andravoahangy
1116	Terminus 117	-18.90510667134102	47.52565945922111	Analakely
1117	Garage	-18.93478779033344	47.55945144863237	Ambohipo Atsimo(Mandroseza)
1118	Garage	-18.934734853591447	47.55947375229089	Ambohipo Atsimo(Mandroseza)
1119	Kininina	-18.934837846665804	47.56282385130901	Ambohipo Atsimo(Mandroseza)
1120	Kininina	-18.93478592058081	47.56283111973476	Ambohipo Atsimo(Mandroseza)
1121	Hazo tokana	-18.93429751222857	47.57191515527666	Ankazobe
1122	Hazo tokana	-18.9341788244993	47.57215309655294	Ankazobe
1123	Trano manga	-18.93376809453544	47.57430996978656	Ankazobe
1124	Trano manga	-18.933646730594944	47.57447764975951	Ankazobe
1125	Terminus 192	-18.93289517603738	47.58041515946389	Mandikamanana-By-Pass
1126	Trano Vy	-18.93294338091996	47.57949449121953	Mandikamanana-By-Pass
1127	Zone	-18.935054233713675	47.59001880884171	Ambohimanambola
1128	Zone	-18.935017267855613	47.59016552357935	Ambohimanambola
1129	Rotra	-18.935780289077268	47.59483632864431	Ambohimanambola
1130	Rotra	-18.935791150846306	47.59536484954879	Ambohimanambola
1131	Sampanana	-18.93729756037187	47.59777407045477	Ambohimanambola
1132	Sampanana	-18.937169777127693	47.597814355976894	Ambohimanambola
1133	Plaque	-18.940448564738126	47.59786186041311	Ambohimanambola
1134	Plaque	-18.94056972553366	47.597942054271705	Ambohimanambola
1135	Tetezana	-18.946504376114607	47.597820244263865	Ambohimanambola
1136	Ampita	-18.94600595523952	47.59871461428702	Ambohimanambola
1137	Terminus I	-18.944016597385335	47.599831251427545	Ambohimanambola
1138	Telma	-18.93200302641911	47.5104995048605	Namontana
\.


--
-- TOC entry 4901 (class 0 OID 16431)
-- Dependencies: 219
-- Data for Name: buses; Type: TABLE DATA; Schema: public; Owner: postgres
--

COPY public.buses (id, name) FROM stdin;
121	009
32	015
75	017
97	104
56	105 67Ha-Anosy
138	105 Analakely
69	106
70	107
43	109 plaque manga
44	109 plaque mena
20	110
57	112 Andranoro
58	112 Morondava
131	113 Plaky mena
95	113-Plaky manga
71	114 Ambatolampy
135	114 Ambohijanahary
68	115
91	116
92	117
3	119
21	120
60	122
72	126 67Ha-Analakely
73	126 Analakely-67Ha
79	127 A
80	127 B
47	128 Ambanidia-Tsimbazaza
48	128 Mahamasina-Tsimbazaza
31	129
116	133 Ambaniala
6	133 Ambohimamory
5	133 Cité
4	133 Hôpitaly
64	134
62	135
18	135 Fotsy
61	135 Mena
65	137
102	138 Anosibe
103	138 Fasan-karana
101	138 plaky maitso
123	138 plaky manga
67	139
118	140 plaky maitso
2	140 plaky mena
89	141 Ambatomaro
90	141 Manga
108	142
130	143 Plaky manga
122	143 Plaky mena
66	144
29	146 Manga
30	146 Mena
127	147 Bis Manga
36	147 Bis Mena
37	147 D Manga
35	147 D Mena
38	147 Manga
128	147 Mena
19	150 Anosibe-Antanandrano
24	150 Anosibe-Soavimasoandro
134	150 Tsimbazaza-Antanandrano
87	151
85	153 A
86	153 B
59	154
10	154 A
11	154 B
13	154 C
23	157 67Ha
22	157 Analakely
88	159 A - Anosy
120	159 B - Anosibe
7	160-166
106	161
114	162 67Ha-Analamahitsy
115	162 Ambohijatovo-Analamahitsy
25	163 67Ha
42	163 Anosy
107	164
112	165 Androhibe
113	165 Mahatony
49	172
45	178 Plaque manga
46	178 Plaque mena
52	180
119	182 Plaque manga
81	182 Plaque mena
77	183 A
78	183 B
39	184
55	186 67Ha
54	186 Anosy
50	187 67Ha
51	187 Ankatso
63	190
41	191 67 Ha
40	191 Ambohijatovo
33	192 Fotsy
34	192 Manga
109	193
17	194 Ambanidia
15	194 Ambodivona
16	194 Analamahintsy
84	196
74	199 plaky fotsy
136	199 plaky mena
129	A Vinany
126	D Ambohidratrimo
110	D Ivato
137	E Fasika-Andravoahangy
124	F - Andoharanofotsy
125	F - Bypass
1	G
111	G Itaosy
82	H Ambodivona
83	H Andravoahangy
139	I - Ambohimanambola
117	Kofimi
\.


--
-- TOC entry 4751 (class 2606 OID 16455)
-- Name: bus_stop_links bus_stop_link_pkey; Type: CONSTRAINT; Schema: public; Owner: postgres
--

ALTER TABLE ONLY public.bus_stop_links
    ADD CONSTRAINT bus_stop_link_pkey PRIMARY KEY (id);


--
-- TOC entry 4747 (class 2606 OID 16437)
-- Name: buses buses_pkey; Type: CONSTRAINT; Schema: public; Owner: postgres
--

ALTER TABLE ONLY public.buses
    ADD CONSTRAINT buses_pkey PRIMARY KEY (id);


--
-- TOC entry 4749 (class 2606 OID 16446)
-- Name: bus_stops stops_pkey; Type: CONSTRAINT; Schema: public; Owner: postgres
--

ALTER TABLE ONLY public.bus_stops
    ADD CONSTRAINT stops_pkey PRIMARY KEY (id);


--
-- TOC entry 4752 (class 2606 OID 16456)
-- Name: bus_stop_links bus_stop_link_bus_id_foreign; Type: FK CONSTRAINT; Schema: public; Owner: postgres
--

ALTER TABLE ONLY public.bus_stop_links
    ADD CONSTRAINT bus_stop_link_bus_id_foreign FOREIGN KEY (bus_id) REFERENCES public.buses(id);


--
-- TOC entry 4753 (class 2606 OID 16461)
-- Name: bus_stop_links bus_stop_link_stop_id_foreign; Type: FK CONSTRAINT; Schema: public; Owner: postgres
--

ALTER TABLE ONLY public.bus_stop_links
    ADD CONSTRAINT bus_stop_link_stop_id_foreign FOREIGN KEY (stop_id) REFERENCES public.bus_stops(id);


-- Completed on 2026-07-13 11:08:07

--
-- PostgreSQL database dump complete
--

\unrestrict qggbDjWcfU0ImJwWIiX4q2Sr3c1j2LsT5M2EeAgAnMpIh68x6azQjoS3qZxuAHi

